match_id,home_team,away_team,team,shirt_number,player_name,is_goalkeeper,is_captain,team_goals_scored,team_goals_conceded,lineups_url
4053701,Scorpions,FC Viikingit/S.C.P L,Scorpions,1,Jarju Lamin,True,False,4,3,https://tulospalvelu.palloliitto.fi/match/4053701/lineups
4053701,Scorpions,FC Viikingit/S.C.P L,Scorpions,9,Dampha Nfamara,True,False,4,3,https://tulospalvelu.palloliitto.fi/match/4053701/lineups
4053701,Scorpions,FC Viikingit/S.C.P L,Scorpions,2,Jobe Maceesay,False,False,4,3,https://tulospalvelu.palloliitto.fi/match/4053701/lineups
4053701,Scorpions,FC Viikingit/S.C.P L,Scorpions,3,Gaye Haruna,False,False,4,3,https://tulospalvelu.palloliitto.fi/match/4053701/lineups
4053701,Scorpions,FC Viikingit/S.C.P L,Scorpions,4,Manneh Ousman,False,False,4,3,https://tulospalvelu.palloliitto.fi/match/4053701/lineups
4053701,Scorpions,FC Viikingit/S.C.P L,Scorpions,5,Jabbie Mbemba,False,False,4,3,https://tulospalvelu.palloliitto.fi/match/4053701/lineups
4053701,Scorpions,FC Viikingit/S.C.P L,Scorpions,6,Ebrima Sillah,False,False,4,3,https://tulospalvelu.palloliitto.fi/match/4053701/lineups
4053701,Scorpions,FC Viikingit/S.C.P L,Scorpions,7,Sonko Bubacarr,False,False,4,3,https://tulospalvelu.palloliitto.fi/match/4053701/lineups
4053701,Scorpions,FC Viikingit/S.C.P L,Scorpions,8,Suso Mba,False,False,4,3,https://tulospalvelu.palloliitto.fi/match/4053701/lineups
4053701,Scorpions,FC Viikingit/S.C.P L,Scorpions,10,Gibba Buba,False,True,4,3,https://tulospalvelu.palloliitto.fi/match/4053701/lineups
4053701,Scorpions,FC Viikingit/S.C.P L,Scorpions,11,Joof Abdoukarim,False,False,4,3,https://tulospalvelu.palloliitto.fi/match/4053701/lineups
4053701,Scorpions,FC Viikingit/S.C.P L,Scorpions,12,Corr Muhammed,False,False,4,3,https://tulospalvelu.palloliitto.fi/match/4053701/lineups
4053701,Scorpions,FC Viikingit/S.C.P L,Scorpions,14,Camara Dukara Malamin,False,False,4,3,https://tulospalvelu.palloliitto.fi/match/4053701/lineups
4053701,Scorpions,FC Viikingit/S.C.P L,Scorpions,15,Jammeh Adama,False,False,4,3,https://tulospalvelu.palloliitto.fi/match/4053701/lineups
4053701,Scorpions,FC Viikingit/S.C.P L,Scorpions,18,Sillah Famara,False,False,4,3,https://tulospalvelu.palloliitto.fi/match/4053701/lineups
4053701,Scorpions,FC Viikingit/S.C.P L,Scorpions,20,Beyai Lamin,False,False,4,3,https://tulospalvelu.palloliitto.fi/match/4053701/lineups
4053701,Scorpions,FC Viikingit/S.C.P L,Scorpions,24,Manjang Bubacarr,False,False,4,3,https://tulospalvelu.palloliitto.fi/match/4053701/lineups
4053701,Scorpions,FC Viikingit/S.C.P L,Scorpions,30,Fofana Lamin,False,False,4,3,https://tulospalvelu.palloliitto.fi/match/4053701/lineups
4053701,Scorpions,FC Viikingit/S.C.P L,FC Viikingit/S.C.P L,1,Virtanen Riku,True,False,3,4,https://tulospalvelu.palloliitto.fi/match/4053701/lineups
4053701,Scorpions,FC Viikingit/S.C.P L,FC Viikingit/S.C.P L,2,Freden Toni,False,False,3,4,https://tulospalvelu.palloliitto.fi/match/4053701/lineups
4053701,Scorpions,FC Viikingit/S.C.P L,FC Viikingit/S.C.P L,5,Blomqvist Niclas,False,False,3,4,https://tulospalvelu.palloliitto.fi/match/4053701/lineups
4053701,Scorpions,FC Viikingit/S.C.P L,FC Viikingit/S.C.P L,6,Freden Niko,False,False,3,4,https://tulospalvelu.palloliitto.fi/match/4053701/lineups
4053701,Scorpions,FC Viikingit/S.C.P L,FC Viikingit/S.C.P L,7,Forsten Jonne,False,False,3,4,https://tulospalvelu.palloliitto.fi/match/4053701/lineups
4053701,Scorpions,FC Viikingit/S.C.P L,FC Viikingit/S.C.P L,9,David Nadav,False,False,3,4,https://tulospalvelu.palloliitto.fi/match/4053701/lineups
4053701,Scorpions,FC Viikingit/S.C.P L,FC Viikingit/S.C.P L,10,Honkanen Tony,False,False,3,4,https://tulospalvelu.palloliitto.fi/match/4053701/lineups
4053701,Scorpions,FC Viikingit/S.C.P L,FC Viikingit/S.C.P L,11,Simula Kristoffer,False,False,3,4,https://tulospalvelu.palloliitto.fi/match/4053701/lineups
4053701,Scorpions,FC Viikingit/S.C.P L,FC Viikingit/S.C.P L,12,Rauhala Jarkko,False,False,3,4,https://tulospalvelu.palloliitto.fi/match/4053701/lineups
4053701,Scorpions,FC Viikingit/S.C.P L,FC Viikingit/S.C.P L,14,Akyun Siyamet,False,False,3,4,https://tulospalvelu.palloliitto.fi/match/4053701/lineups
4053701,Scorpions,FC Viikingit/S.C.P L,FC Viikingit/S.C.P L,22,Wikström Aleksi,False,False,3,4,https://tulospalvelu.palloliitto.fi/match/4053701/lineups
4053701,Scorpions,FC Viikingit/S.C.P L,FC Viikingit/S.C.P L,23,Kunnas Jere,False,False,3,4,https://tulospalvelu.palloliitto.fi/match/4053701/lineups
4053701,Scorpions,FC Viikingit/S.C.P L,FC Viikingit/S.C.P L,24,Piekiäinen Vesa,False,False,3,4,https://tulospalvelu.palloliitto.fi/match/4053701/lineups
4053701,Scorpions,FC Viikingit/S.C.P L,FC Viikingit/S.C.P L,77,Vasara Pekka,False,False,3,4,https://tulospalvelu.palloliitto.fi/match/4053701/lineups
4053701,Scorpions,FC Viikingit/S.C.P L,FC Viikingit/S.C.P L,98,Mutikainen Jesse,False,False,3,4,https://tulospalvelu.palloliitto.fi/match/4053701/lineups
4053699,MK United/Warriors,Ariana FC,MK United/Warriors,1,Nousiainen Tuukka,True,False,2,1,https://tulospalvelu.palloliitto.fi/match/4053699/lineups
4053699,MK United/Warriors,Ariana FC,MK United/Warriors,3,Kamitsha Julio Mayasio,False,False,2,1,https://tulospalvelu.palloliitto.fi/match/4053699/lineups
4053699,MK United/Warriors,Ariana FC,MK United/Warriors,5,Yusuf Yasiin,False,False,2,1,https://tulospalvelu.palloliitto.fi/match/4053699/lineups
4053699,MK United/Warriors,Ariana FC,MK United/Warriors,6,Wetu Benjamin,False,False,2,1,https://tulospalvelu.palloliitto.fi/match/4053699/lineups
4053699,MK United/Warriors,Ariana FC,MK United/Warriors,8,Hyppönen Ilmari,False,False,2,1,https://tulospalvelu.palloliitto.fi/match/4053699/lineups
4053699,MK United/Warriors,Ariana FC,MK United/Warriors,10,Jusufi Ermal,False,False,2,1,https://tulospalvelu.palloliitto.fi/match/4053699/lineups
4053699,MK United/Warriors,Ariana FC,MK United/Warriors,14,Landu Zoe,False,False,2,1,https://tulospalvelu.palloliitto.fi/match/4053699/lineups
4053699,MK United/Warriors,Ariana FC,MK United/Warriors,18,Ibrahim Hashim,False,False,2,1,https://tulospalvelu.palloliitto.fi/match/4053699/lineups
4053699,MK United/Warriors,Ariana FC,MK United/Warriors,20,Elmi Mohamed,False,False,2,1,https://tulospalvelu.palloliitto.fi/match/4053699/lineups
4053699,MK United/Warriors,Ariana FC,MK United/Warriors,21,Egal Ahmed Osman,False,False,2,1,https://tulospalvelu.palloliitto.fi/match/4053699/lineups
4053699,MK United/Warriors,Ariana FC,MK United/Warriors,30,Yusuf Mohamed,False,False,2,1,https://tulospalvelu.palloliitto.fi/match/4053699/lineups
4053699,MK United/Warriors,Ariana FC,MK United/Warriors,33,Jama Mustafa,False,False,2,1,https://tulospalvelu.palloliitto.fi/match/4053699/lineups
4053699,MK United/Warriors,Ariana FC,Ariana FC,1,Hämäläinen Tero,True,False,1,2,https://tulospalvelu.palloliitto.fi/match/4053699/lineups
4053699,MK United/Warriors,Ariana FC,Ariana FC,2,Moslehipour Saleh,False,False,1,2,https://tulospalvelu.palloliitto.fi/match/4053699/lineups
4053699,MK United/Warriors,Ariana FC,Ariana FC,5,Hafaz Musa,False,False,1,2,https://tulospalvelu.palloliitto.fi/match/4053699/lineups
4053699,MK United/Warriors,Ariana FC,Ariana FC,8,Javad Ahmadi,False,False,1,2,https://tulospalvelu.palloliitto.fi/match/4053699/lineups
4053699,MK United/Warriors,Ariana FC,Ariana FC,10,Sharifi Farhad,False,False,1,2,https://tulospalvelu.palloliitto.fi/match/4053699/lineups
4053699,MK United/Warriors,Ariana FC,Ariana FC,11,Pirveisi Mohammedreza,False,False,1,2,https://tulospalvelu.palloliitto.fi/match/4053699/lineups
4053699,MK United/Warriors,Ariana FC,Ariana FC,14,Saeidi Seyyed Morteza,False,False,1,2,https://tulospalvelu.palloliitto.fi/match/4053699/lineups
4053699,MK United/Warriors,Ariana FC,Ariana FC,16,Ahmadi Omid,False,False,1,2,https://tulospalvelu.palloliitto.fi/match/4053699/lineups
4053699,MK United/Warriors,Ariana FC,Ariana FC,17,Ghorbani Alex,False,False,1,2,https://tulospalvelu.palloliitto.fi/match/4053699/lineups
4053699,MK United/Warriors,Ariana FC,Ariana FC,18,Razm Rama,False,False,1,2,https://tulospalvelu.palloliitto.fi/match/4053699/lineups
4053699,MK United/Warriors,Ariana FC,Ariana FC,19,Sharifi Farshad,False,False,1,2,https://tulospalvelu.palloliitto.fi/match/4053699/lineups
4053699,MK United/Warriors,Ariana FC,Ariana FC,20,Ahmedi Ahmed,False,False,1,2,https://tulospalvelu.palloliitto.fi/match/4053699/lineups
4053699,MK United/Warriors,Ariana FC,Ariana FC,21,Mohammad Tajik,False,False,1,2,https://tulospalvelu.palloliitto.fi/match/4053699/lineups
4053699,MK United/Warriors,Ariana FC,Ariana FC,22,Rassouli Ali,False,False,1,2,https://tulospalvelu.palloliitto.fi/match/4053699/lineups
4053700,PK-35/Legendat,Trikiinit,PK-35/Legendat,80,Ahjokannas Noa,True,False,2,3,https://tulospalvelu.palloliitto.fi/match/4053700/lineups
4053700,PK-35/Legendat,Trikiinit,PK-35/Legendat,3,Laine Viljami,False,False,2,3,https://tulospalvelu.palloliitto.fi/match/4053700/lineups
4053700,PK-35/Legendat,Trikiinit,PK-35/Legendat,4,Stenros Max,False,False,2,3,https://tulospalvelu.palloliitto.fi/match/4053700/lineups
4053700,PK-35/Legendat,Trikiinit,PK-35/Legendat,5,Razmyar Nomyal,False,True,2,3,https://tulospalvelu.palloliitto.fi/match/4053700/lineups
4053700,PK-35/Legendat,Trikiinit,PK-35/Legendat,8,Moor Marlon,False,False,2,3,https://tulospalvelu.palloliitto.fi/match/4053700/lineups
4053700,PK-35/Legendat,Trikiinit,PK-35/Legendat,11,Rilasmaa Lucas,False,False,2,3,https://tulospalvelu.palloliitto.fi/match/4053700/lineups
4053700,PK-35/Legendat,Trikiinit,PK-35/Legendat,12,Perevalov Boris,False,False,2,3,https://tulospalvelu.palloliitto.fi/match/4053700/lineups
4053700,PK-35/Legendat,Trikiinit,PK-35/Legendat,14,Ehsan Ahmad Sodais,False,False,2,3,https://tulospalvelu.palloliitto.fi/match/4053700/lineups
4053700,PK-35/Legendat,Trikiinit,PK-35/Legendat,19,Abubakar Aadil Nur,False,False,2,3,https://tulospalvelu.palloliitto.fi/match/4053700/lineups
4053700,PK-35/Legendat,Trikiinit,PK-35/Legendat,21,Miguel Michael,False,False,2,3,https://tulospalvelu.palloliitto.fi/match/4053700/lineups
4053700,PK-35/Legendat,Trikiinit,PK-35/Legendat,24,Sandén Pyry,False,False,2,3,https://tulospalvelu.palloliitto.fi/match/4053700/lineups
4053700,PK-35/Legendat,Trikiinit,PK-35/Legendat,25,Hussein Abduljabar,False,False,2,3,https://tulospalvelu.palloliitto.fi/match/4053700/lineups
4053700,PK-35/Legendat,Trikiinit,PK-35/Legendat,26,Shafaei Abbas,False,False,2,3,https://tulospalvelu.palloliitto.fi/match/4053700/lineups
4053700,PK-35/Legendat,Trikiinit,PK-35/Legendat,27,Sardis Karhunen Aleksi,False,False,2,3,https://tulospalvelu.palloliitto.fi/match/4053700/lineups
4053700,PK-35/Legendat,Trikiinit,PK-35/Legendat,28,Shafaei Sajad,False,False,2,3,https://tulospalvelu.palloliitto.fi/match/4053700/lineups
4053700,PK-35/Legendat,Trikiinit,PK-35/Legendat,35,Keinan Farhan,False,False,2,3,https://tulospalvelu.palloliitto.fi/match/4053700/lineups
4053700,PK-35/Legendat,Trikiinit,PK-35/Legendat,52,Rilasmaa Nicholas,False,False,2,3,https://tulospalvelu.palloliitto.fi/match/4053700/lineups
4053700,PK-35/Legendat,Trikiinit,PK-35/Legendat,91,Koivisto Casper,False,False,2,3,https://tulospalvelu.palloliitto.fi/match/4053700/lineups
4053700,PK-35/Legendat,Trikiinit,Trikiinit,18,Toivonen Jaakko,True,True,3,2,https://tulospalvelu.palloliitto.fi/match/4053700/lineups
4053700,PK-35/Legendat,Trikiinit,Trikiinit,3,Nieminen Lauri,False,False,3,2,https://tulospalvelu.palloliitto.fi/match/4053700/lineups
4053700,PK-35/Legendat,Trikiinit,Trikiinit,4,Seppi Riku,False,False,3,2,https://tulospalvelu.palloliitto.fi/match/4053700/lineups
4053700,PK-35/Legendat,Trikiinit,Trikiinit,5,Vattulainen Taisto,False,False,3,2,https://tulospalvelu.palloliitto.fi/match/4053700/lineups
4053700,PK-35/Legendat,Trikiinit,Trikiinit,7,Owusu Kenneth,False,False,3,2,https://tulospalvelu.palloliitto.fi/match/4053700/lineups
4053700,PK-35/Legendat,Trikiinit,Trikiinit,9,Koivula Juho,False,False,3,2,https://tulospalvelu.palloliitto.fi/match/4053700/lineups
4053700,PK-35/Legendat,Trikiinit,Trikiinit,10,Asikainen Topi,False,False,3,2,https://tulospalvelu.palloliitto.fi/match/4053700/lineups
4053700,PK-35/Legendat,Trikiinit,Trikiinit,11,Wahlman Jere,False,False,3,2,https://tulospalvelu.palloliitto.fi/match/4053700/lineups
4053700,PK-35/Legendat,Trikiinit,Trikiinit,13,Eklund Mikael,False,False,3,2,https://tulospalvelu.palloliitto.fi/match/4053700/lineups
4053700,PK-35/Legendat,Trikiinit,Trikiinit,15,Pulliainen Joel,False,False,3,2,https://tulospalvelu.palloliitto.fi/match/4053700/lineups
4053700,PK-35/Legendat,Trikiinit,Trikiinit,16,Vikström Valtteri,False,False,3,2,https://tulospalvelu.palloliitto.fi/match/4053700/lineups
4053700,PK-35/Legendat,Trikiinit,Trikiinit,20,Mether Mikael,False,False,3,2,https://tulospalvelu.palloliitto.fi/match/4053700/lineups
4053700,PK-35/Legendat,Trikiinit,Trikiinit,21,Winberg Matias,False,False,3,2,https://tulospalvelu.palloliitto.fi/match/4053700/lineups
4053700,PK-35/Legendat,Trikiinit,Trikiinit,23,Mohamed Mohamud,False,False,3,2,https://tulospalvelu.palloliitto.fi/match/4053700/lineups
4053700,PK-35/Legendat,Trikiinit,Trikiinit,27,Asikainen Raimo,False,False,3,2,https://tulospalvelu.palloliitto.fi/match/4053700/lineups
4053700,PK-35/Legendat,Trikiinit,Trikiinit,29,Winberg Joni,False,False,3,2,https://tulospalvelu.palloliitto.fi/match/4053700/lineups
4053700,PK-35/Legendat,Trikiinit,Trikiinit,30,Laasonen Mikko,False,False,3,2,https://tulospalvelu.palloliitto.fi/match/4053700/lineups
4053700,PK-35/Legendat,Trikiinit,Trikiinit,31,Parviainen Roope-Jussi,False,False,3,2,https://tulospalvelu.palloliitto.fi/match/4053700/lineups
4053693,Trikiinit,Ruila,Trikiinit,18,Toivonen Jaakko,True,True,1,4,https://tulospalvelu.palloliitto.fi/match/4053693/lineups
4053693,Trikiinit,Ruila,Trikiinit,3,Nieminen Lauri,False,False,1,4,https://tulospalvelu.palloliitto.fi/match/4053693/lineups
4053693,Trikiinit,Ruila,Trikiinit,4,Seppi Riku,False,False,1,4,https://tulospalvelu.palloliitto.fi/match/4053693/lineups
4053693,Trikiinit,Ruila,Trikiinit,5,Vattulainen Taisto,False,False,1,4,https://tulospalvelu.palloliitto.fi/match/4053693/lineups
4053693,Trikiinit,Ruila,Trikiinit,7,Owusu Kenneth,False,False,1,4,https://tulospalvelu.palloliitto.fi/match/4053693/lineups
4053693,Trikiinit,Ruila,Trikiinit,9,Koivula Juho,False,False,1,4,https://tulospalvelu.palloliitto.fi/match/4053693/lineups
4053693,Trikiinit,Ruila,Trikiinit,10,Asikainen Topi,False,False,1,4,https://tulospalvelu.palloliitto.fi/match/4053693/lineups
4053693,Trikiinit,Ruila,Trikiinit,13,Eklund Mikael,False,False,1,4,https://tulospalvelu.palloliitto.fi/match/4053693/lineups
4053693,Trikiinit,Ruila,Trikiinit,14,Theo Auer,False,False,1,4,https://tulospalvelu.palloliitto.fi/match/4053693/lineups
4053693,Trikiinit,Ruila,Trikiinit,15,Pulliainen Joel,False,False,1,4,https://tulospalvelu.palloliitto.fi/match/4053693/lineups
4053693,Trikiinit,Ruila,Trikiinit,16,Vikström Valtteri,False,False,1,4,https://tulospalvelu.palloliitto.fi/match/4053693/lineups
4053693,Trikiinit,Ruila,Trikiinit,21,Winberg Matias,False,False,1,4,https://tulospalvelu.palloliitto.fi/match/4053693/lineups
4053693,Trikiinit,Ruila,Trikiinit,27,Asikainen Raimo,False,False,1,4,https://tulospalvelu.palloliitto.fi/match/4053693/lineups
4053693,Trikiinit,Ruila,Trikiinit,29,Winberg Joni,False,False,1,4,https://tulospalvelu.palloliitto.fi/match/4053693/lineups
4053693,Trikiinit,Ruila,Trikiinit,31,Parviainen Roope-Jussi,False,False,1,4,https://tulospalvelu.palloliitto.fi/match/4053693/lineups
4053693,Trikiinit,Ruila,Ruila,1,Kettunen Jukka,True,False,4,1,https://tulospalvelu.palloliitto.fi/match/4053693/lineups
4053693,Trikiinit,Ruila,Ruila,3,Virtanen Miska,False,False,4,1,https://tulospalvelu.palloliitto.fi/match/4053693/lineups
4053693,Trikiinit,Ruila,Ruila,6,Neuvonen Aapo,False,False,4,1,https://tulospalvelu.palloliitto.fi/match/4053693/lineups
4053693,Trikiinit,Ruila,Ruila,10,Juutinen Jukka-Pekka,False,False,4,1,https://tulospalvelu.palloliitto.fi/match/4053693/lineups
4053693,Trikiinit,Ruila,Ruila,11,Virtanen Eemil,False,False,4,1,https://tulospalvelu.palloliitto.fi/match/4053693/lineups
4053693,Trikiinit,Ruila,Ruila,13,Hakkarainen Pasi,False,True,4,1,https://tulospalvelu.palloliitto.fi/match/4053693/lineups
4053693,Trikiinit,Ruila,Ruila,16,Puolakka Tommi,False,False,4,1,https://tulospalvelu.palloliitto.fi/match/4053693/lineups
4053693,Trikiinit,Ruila,Ruila,24,Viio Tomasz,False,False,4,1,https://tulospalvelu.palloliitto.fi/match/4053693/lineups
4053693,Trikiinit,Ruila,Ruila,25,Väisänen Ari Tapio,False,False,4,1,https://tulospalvelu.palloliitto.fi/match/4053693/lineups
4053693,Trikiinit,Ruila,Ruila,28,Paavilainen Jim,False,False,4,1,https://tulospalvelu.palloliitto.fi/match/4053693/lineups
4053693,Trikiinit,Ruila,Ruila,29,Vahtola Oliver,False,False,4,1,https://tulospalvelu.palloliitto.fi/match/4053693/lineups
4053693,Trikiinit,Ruila,Ruila,37,Kartano Sami,False,False,4,1,https://tulospalvelu.palloliitto.fi/match/4053693/lineups
4053693,Trikiinit,Ruila,Ruila,40,Keino Niko Akseli,False,False,4,1,https://tulospalvelu.palloliitto.fi/match/4053693/lineups
4053693,Trikiinit,Ruila,Ruila,42,Ärilä Niklas,False,False,4,1,https://tulospalvelu.palloliitto.fi/match/4053693/lineups
4053693,Trikiinit,Ruila,Ruila,56,Kojovic Doni,False,False,4,1,https://tulospalvelu.palloliitto.fi/match/4053693/lineups
4053693,Trikiinit,Ruila,Ruila,88,Tallqvist Noel,False,False,4,1,https://tulospalvelu.palloliitto.fi/match/4053693/lineups
4053694,VAMOL/Myyrmäki,MK United/Warriors,VAMOL/Myyrmäki,1,Sharmake Yusuf,True,True,3,0,https://tulospalvelu.palloliitto.fi/match/4053694/lineups
4053694,VAMOL/Myyrmäki,MK United/Warriors,VAMOL/Myyrmäki,2,Hassan Muad,False,False,3,0,https://tulospalvelu.palloliitto.fi/match/4053694/lineups
4053694,VAMOL/Myyrmäki,MK United/Warriors,VAMOL/Myyrmäki,3,Abdullahi Abdi-Samad Mohamed,False,False,3,0,https://tulospalvelu.palloliitto.fi/match/4053694/lineups
4053694,VAMOL/Myyrmäki,MK United/Warriors,VAMOL/Myyrmäki,5,Aybakar Muscab,False,False,3,0,https://tulospalvelu.palloliitto.fi/match/4053694/lineups
4053694,VAMOL/Myyrmäki,MK United/Warriors,VAMOL/Myyrmäki,7,Mohamed Jabir,False,False,3,0,https://tulospalvelu.palloliitto.fi/match/4053694/lineups
4053694,VAMOL/Myyrmäki,MK United/Warriors,VAMOL/Myyrmäki,9,Ahmed Abdirahman,False,False,3,0,https://tulospalvelu.palloliitto.fi/match/4053694/lineups
4053694,VAMOL/Myyrmäki,MK United/Warriors,VAMOL/Myyrmäki,10,Mohammed Abdirahman Ahmed,False,False,3,0,https://tulospalvelu.palloliitto.fi/match/4053694/lineups
4053694,VAMOL/Myyrmäki,MK United/Warriors,VAMOL/Myyrmäki,11,Said Mahamed,False,False,3,0,https://tulospalvelu.palloliitto.fi/match/4053694/lineups
4053694,VAMOL/Myyrmäki,MK United/Warriors,VAMOL/Myyrmäki,12,Hashi Abdirisaq,False,False,3,0,https://tulospalvelu.palloliitto.fi/match/4053694/lineups
4053694,VAMOL/Myyrmäki,MK United/Warriors,VAMOL/Myyrmäki,13,Yuusuf Ali,False,False,3,0,https://tulospalvelu.palloliitto.fi/match/4053694/lineups
4053694,VAMOL/Myyrmäki,MK United/Warriors,VAMOL/Myyrmäki,16,Yussuf Abdikhaliq,False,False,3,0,https://tulospalvelu.palloliitto.fi/match/4053694/lineups
4053694,VAMOL/Myyrmäki,MK United/Warriors,VAMOL/Myyrmäki,17,Hussein Saadsq,False,False,3,0,https://tulospalvelu.palloliitto.fi/match/4053694/lineups
4053694,VAMOL/Myyrmäki,MK United/Warriors,VAMOL/Myyrmäki,18,Ahmed Samatar,False,False,3,0,https://tulospalvelu.palloliitto.fi/match/4053694/lineups
4053694,VAMOL/Myyrmäki,MK United/Warriors,MK United/Warriors,1,Abukar Abdullahi,True,False,0,3,https://tulospalvelu.palloliitto.fi/match/4053694/lineups
4053694,VAMOL/Myyrmäki,MK United/Warriors,MK United/Warriors,2,Yusuf Mohamed,False,False,0,3,https://tulospalvelu.palloliitto.fi/match/4053694/lineups
4053694,VAMOL/Myyrmäki,MK United/Warriors,MK United/Warriors,3,Kamitsha Julio Mayasio,False,False,0,3,https://tulospalvelu.palloliitto.fi/match/4053694/lineups
4053694,VAMOL/Myyrmäki,MK United/Warriors,MK United/Warriors,4,Hallaj Mahdi,False,False,0,3,https://tulospalvelu.palloliitto.fi/match/4053694/lineups
4053694,VAMOL/Myyrmäki,MK United/Warriors,MK United/Warriors,5,Yusuf Yasiin,False,False,0,3,https://tulospalvelu.palloliitto.fi/match/4053694/lineups
4053694,VAMOL/Myyrmäki,MK United/Warriors,MK United/Warriors,6,Jama Mustafa,False,False,0,3,https://tulospalvelu.palloliitto.fi/match/4053694/lineups
4053694,VAMOL/Myyrmäki,MK United/Warriors,MK United/Warriors,14,Kryeziu Perparim,False,False,0,3,https://tulospalvelu.palloliitto.fi/match/4053694/lineups
4053694,VAMOL/Myyrmäki,MK United/Warriors,MK United/Warriors,18,Ibrahim Hashim,False,False,0,3,https://tulospalvelu.palloliitto.fi/match/4053694/lineups
4053694,VAMOL/Myyrmäki,MK United/Warriors,MK United/Warriors,20,Landu Zoe,False,False,0,3,https://tulospalvelu.palloliitto.fi/match/4053694/lineups
4053694,VAMOL/Myyrmäki,MK United/Warriors,MK United/Warriors,21,Egal Ahmed Osman,False,False,0,3,https://tulospalvelu.palloliitto.fi/match/4053694/lineups
4053694,VAMOL/Myyrmäki,MK United/Warriors,MK United/Warriors,24,Mohamed Muqtar,False,False,0,3,https://tulospalvelu.palloliitto.fi/match/4053694/lineups
4053694,VAMOL/Myyrmäki,MK United/Warriors,MK United/Warriors,34,Wetu Benjamin,False,False,0,3,https://tulospalvelu.palloliitto.fi/match/4053694/lineups
4053697,Ariana FC,FC Viikingit/S.C.P L,Ariana FC,1,Hafaz Musa,True,False,1,3,https://tulospalvelu.palloliitto.fi/match/4053697/lineups
4053697,Ariana FC,FC Viikingit/S.C.P L,Ariana FC,2,Ahmadi Omid,False,False,1,3,https://tulospalvelu.palloliitto.fi/match/4053697/lineups
4053697,Ariana FC,FC Viikingit/S.C.P L,Ariana FC,3,Sharifi Farhad,False,False,1,3,https://tulospalvelu.palloliitto.fi/match/4053697/lineups
4053697,Ariana FC,FC Viikingit/S.C.P L,Ariana FC,5,Razm Rama,False,False,1,3,https://tulospalvelu.palloliitto.fi/match/4053697/lineups
4053697,Ariana FC,FC Viikingit/S.C.P L,Ariana FC,6,Saeidi Seyyed Morteza,False,False,1,3,https://tulospalvelu.palloliitto.fi/match/4053697/lineups
4053697,Ariana FC,FC Viikingit/S.C.P L,Ariana FC,7,Ahmedi Ahmed,False,False,1,3,https://tulospalvelu.palloliitto.fi/match/4053697/lineups
4053697,Ariana FC,FC Viikingit/S.C.P L,Ariana FC,8,Javad Ahmadi,False,False,1,3,https://tulospalvelu.palloliitto.fi/match/4053697/lineups
4053697,Ariana FC,FC Viikingit/S.C.P L,Ariana FC,10,Moslehipour Saleh,False,False,1,3,https://tulospalvelu.palloliitto.fi/match/4053697/lineups
4053697,Ariana FC,FC Viikingit/S.C.P L,Ariana FC,11,Pirveisi Mohammedreza,False,False,1,3,https://tulospalvelu.palloliitto.fi/match/4053697/lineups
4053697,Ariana FC,FC Viikingit/S.C.P L,Ariana FC,17,Ghorbani Alex,False,False,1,3,https://tulospalvelu.palloliitto.fi/match/4053697/lineups
4053697,Ariana FC,FC Viikingit/S.C.P L,Ariana FC,19,Sharifi Farshad,False,False,1,3,https://tulospalvelu.palloliitto.fi/match/4053697/lineups
4053697,Ariana FC,FC Viikingit/S.C.P L,Ariana FC,21,Mohammad Tajik,False,False,1,3,https://tulospalvelu.palloliitto.fi/match/4053697/lineups
4053697,Ariana FC,FC Viikingit/S.C.P L,Ariana FC,22,Rassouli Ali,False,False,1,3,https://tulospalvelu.palloliitto.fi/match/4053697/lineups
4053697,Ariana FC,FC Viikingit/S.C.P L,FC Viikingit/S.C.P L,1,Virtanen Riku,True,False,3,1,https://tulospalvelu.palloliitto.fi/match/4053697/lineups
4053697,Ariana FC,FC Viikingit/S.C.P L,FC Viikingit/S.C.P L,2,Freden Toni,False,False,3,1,https://tulospalvelu.palloliitto.fi/match/4053697/lineups
4053697,Ariana FC,FC Viikingit/S.C.P L,FC Viikingit/S.C.P L,5,Blomqvist Niclas,False,False,3,1,https://tulospalvelu.palloliitto.fi/match/4053697/lineups
4053697,Ariana FC,FC Viikingit/S.C.P L,FC Viikingit/S.C.P L,8,Piekiäinen Vesa,False,False,3,1,https://tulospalvelu.palloliitto.fi/match/4053697/lineups
4053697,Ariana FC,FC Viikingit/S.C.P L,FC Viikingit/S.C.P L,9,Tiensuu Mika,False,False,3,1,https://tulospalvelu.palloliitto.fi/match/4053697/lineups
4053697,Ariana FC,FC Viikingit/S.C.P L,FC Viikingit/S.C.P L,10,Honkanen Tony,False,False,3,1,https://tulospalvelu.palloliitto.fi/match/4053697/lineups
4053697,Ariana FC,FC Viikingit/S.C.P L,FC Viikingit/S.C.P L,12,Akyun Siyamet,False,False,3,1,https://tulospalvelu.palloliitto.fi/match/4053697/lineups
4053697,Ariana FC,FC Viikingit/S.C.P L,FC Viikingit/S.C.P L,20,Freden Niko,False,False,3,1,https://tulospalvelu.palloliitto.fi/match/4053697/lineups
4053697,Ariana FC,FC Viikingit/S.C.P L,FC Viikingit/S.C.P L,24,Forsten Jonne,False,False,3,1,https://tulospalvelu.palloliitto.fi/match/4053697/lineups
4053697,Ariana FC,FC Viikingit/S.C.P L,FC Viikingit/S.C.P L,28,Kunnas Riku,False,False,3,1,https://tulospalvelu.palloliitto.fi/match/4053697/lineups
4053697,Ariana FC,FC Viikingit/S.C.P L,FC Viikingit/S.C.P L,62,Sainomaa Aapo,False,False,3,1,https://tulospalvelu.palloliitto.fi/match/4053697/lineups
4053697,Ariana FC,FC Viikingit/S.C.P L,FC Viikingit/S.C.P L,70,Kunnas Jere,False,False,3,1,https://tulospalvelu.palloliitto.fi/match/4053697/lineups
4053697,Ariana FC,FC Viikingit/S.C.P L,FC Viikingit/S.C.P L,99,David Nadav,False,False,3,1,https://tulospalvelu.palloliitto.fi/match/4053697/lineups
4053690,FC Viikingit/S.C.P L,Trikiinit,FC Viikingit/S.C.P L,1,Virtanen Riku,True,False,2,1,https://tulospalvelu.palloliitto.fi/match/4053690/lineups
4053690,FC Viikingit/S.C.P L,Trikiinit,FC Viikingit/S.C.P L,2,Freden Toni,False,False,2,1,https://tulospalvelu.palloliitto.fi/match/4053690/lineups
4053690,FC Viikingit/S.C.P L,Trikiinit,FC Viikingit/S.C.P L,5,Blomqvist Niclas,False,False,2,1,https://tulospalvelu.palloliitto.fi/match/4053690/lineups
4053690,FC Viikingit/S.C.P L,Trikiinit,FC Viikingit/S.C.P L,8,Piekiäinen Vesa,False,False,2,1,https://tulospalvelu.palloliitto.fi/match/4053690/lineups
4053690,FC Viikingit/S.C.P L,Trikiinit,FC Viikingit/S.C.P L,9,Ritola Mika,False,False,2,1,https://tulospalvelu.palloliitto.fi/match/4053690/lineups
4053690,FC Viikingit/S.C.P L,Trikiinit,FC Viikingit/S.C.P L,10,Honkanen Tony,False,False,2,1,https://tulospalvelu.palloliitto.fi/match/4053690/lineups
4053690,FC Viikingit/S.C.P L,Trikiinit,FC Viikingit/S.C.P L,11,Simula Kristoffer,False,False,2,1,https://tulospalvelu.palloliitto.fi/match/4053690/lineups
4053690,FC Viikingit/S.C.P L,Trikiinit,FC Viikingit/S.C.P L,12,Niemenmaa Janne,False,False,2,1,https://tulospalvelu.palloliitto.fi/match/4053690/lineups
4053690,FC Viikingit/S.C.P L,Trikiinit,FC Viikingit/S.C.P L,15,Laaksonen Iiro,False,False,2,1,https://tulospalvelu.palloliitto.fi/match/4053690/lineups
4053690,FC Viikingit/S.C.P L,Trikiinit,FC Viikingit/S.C.P L,19,Freden Niko,False,False,2,1,https://tulospalvelu.palloliitto.fi/match/4053690/lineups
4053690,FC Viikingit/S.C.P L,Trikiinit,FC Viikingit/S.C.P L,20,Vasara Pekka,False,False,2,1,https://tulospalvelu.palloliitto.fi/match/4053690/lineups
4053690,FC Viikingit/S.C.P L,Trikiinit,FC Viikingit/S.C.P L,22,David Nadav,False,False,2,1,https://tulospalvelu.palloliitto.fi/match/4053690/lineups
4053690,FC Viikingit/S.C.P L,Trikiinit,FC Viikingit/S.C.P L,28,Kunnas Riku,False,False,2,1,https://tulospalvelu.palloliitto.fi/match/4053690/lineups
4053690,FC Viikingit/S.C.P L,Trikiinit,FC Viikingit/S.C.P L,62,Sainomaa Aapo,False,False,2,1,https://tulospalvelu.palloliitto.fi/match/4053690/lineups
4053690,FC Viikingit/S.C.P L,Trikiinit,FC Viikingit/S.C.P L,70,Kunnas Jere,False,False,2,1,https://tulospalvelu.palloliitto.fi/match/4053690/lineups
4053690,FC Viikingit/S.C.P L,Trikiinit,FC Viikingit/S.C.P L,91,Tiensuu Mika,False,False,2,1,https://tulospalvelu.palloliitto.fi/match/4053690/lineups
4053690,FC Viikingit/S.C.P L,Trikiinit,Trikiinit,1,Toivonen Jaakko,True,True,1,2,https://tulospalvelu.palloliitto.fi/match/4053690/lineups
4053690,FC Viikingit/S.C.P L,Trikiinit,Trikiinit,3,Nieminen Lauri,False,False,1,2,https://tulospalvelu.palloliitto.fi/match/4053690/lineups
4053690,FC Viikingit/S.C.P L,Trikiinit,Trikiinit,4,Seppi Riku,False,False,1,2,https://tulospalvelu.palloliitto.fi/match/4053690/lineups
4053690,FC Viikingit/S.C.P L,Trikiinit,Trikiinit,5,Vattulainen Taisto,False,False,1,2,https://tulospalvelu.palloliitto.fi/match/4053690/lineups
4053690,FC Viikingit/S.C.P L,Trikiinit,Trikiinit,7,Owusu Kenneth,False,False,1,2,https://tulospalvelu.palloliitto.fi/match/4053690/lineups
4053690,FC Viikingit/S.C.P L,Trikiinit,Trikiinit,10,Asikainen Topi,False,False,1,2,https://tulospalvelu.palloliitto.fi/match/4053690/lineups
4053690,FC Viikingit/S.C.P L,Trikiinit,Trikiinit,11,Wahlman Jere,False,False,1,2,https://tulospalvelu.palloliitto.fi/match/4053690/lineups
4053690,FC Viikingit/S.C.P L,Trikiinit,Trikiinit,12,Kyyrä Tomi,False,False,1,2,https://tulospalvelu.palloliitto.fi/match/4053690/lineups
4053690,FC Viikingit/S.C.P L,Trikiinit,Trikiinit,13,Eklund Mikael,False,False,1,2,https://tulospalvelu.palloliitto.fi/match/4053690/lineups
4053690,FC Viikingit/S.C.P L,Trikiinit,Trikiinit,14,Theo Auer,False,False,1,2,https://tulospalvelu.palloliitto.fi/match/4053690/lineups
4053690,FC Viikingit/S.C.P L,Trikiinit,Trikiinit,16,Vikström Valtteri,False,False,1,2,https://tulospalvelu.palloliitto.fi/match/4053690/lineups
4053690,FC Viikingit/S.C.P L,Trikiinit,Trikiinit,20,Mether Mikael,False,False,1,2,https://tulospalvelu.palloliitto.fi/match/4053690/lineups
4053690,FC Viikingit/S.C.P L,Trikiinit,Trikiinit,21,Winberg Matias,False,False,1,2,https://tulospalvelu.palloliitto.fi/match/4053690/lineups
4053690,FC Viikingit/S.C.P L,Trikiinit,Trikiinit,29,Winberg Joni,False,False,1,2,https://tulospalvelu.palloliitto.fi/match/4053690/lineups
4053690,FC Viikingit/S.C.P L,Trikiinit,Trikiinit,30,Laasonen Mikko,False,False,1,2,https://tulospalvelu.palloliitto.fi/match/4053690/lineups
4053690,FC Viikingit/S.C.P L,Trikiinit,Trikiinit,31,Parviainen Roope-Jussi,False,False,1,2,https://tulospalvelu.palloliitto.fi/match/4053690/lineups
4053691,Scorpions,VAMOL/Myyrmäki,Scorpions,1,Jarju Lamin,True,False,6,1,https://tulospalvelu.palloliitto.fi/match/4053691/lineups
4053691,Scorpions,VAMOL/Myyrmäki,Scorpions,2,Jobe Maceesay,False,False,6,1,https://tulospalvelu.palloliitto.fi/match/4053691/lineups
4053691,Scorpions,VAMOL/Myyrmäki,Scorpions,3,Gaye Haruna,False,False,6,1,https://tulospalvelu.palloliitto.fi/match/4053691/lineups
4053691,Scorpions,VAMOL/Myyrmäki,Scorpions,5,Jabbie Mbemba,False,False,6,1,https://tulospalvelu.palloliitto.fi/match/4053691/lineups
4053691,Scorpions,VAMOL/Myyrmäki,Scorpions,6,Ebrima Sillah,False,False,6,1,https://tulospalvelu.palloliitto.fi/match/4053691/lineups
4053691,Scorpions,VAMOL/Myyrmäki,Scorpions,7,Sonko Bubacarr,False,False,6,1,https://tulospalvelu.palloliitto.fi/match/4053691/lineups
4053691,Scorpions,VAMOL/Myyrmäki,Scorpions,8,Suso Mba,False,False,6,1,https://tulospalvelu.palloliitto.fi/match/4053691/lineups
4053691,Scorpions,VAMOL/Myyrmäki,Scorpions,10,Gibba Buba,False,True,6,1,https://tulospalvelu.palloliitto.fi/match/4053691/lineups
4053691,Scorpions,VAMOL/Myyrmäki,Scorpions,12,Corr Muhammed,False,False,6,1,https://tulospalvelu.palloliitto.fi/match/4053691/lineups
4053691,Scorpions,VAMOL/Myyrmäki,Scorpions,13,Mbenga Alagie,False,False,6,1,https://tulospalvelu.palloliitto.fi/match/4053691/lineups
4053691,Scorpions,VAMOL/Myyrmäki,Scorpions,15,Jammeh Adama,False,False,6,1,https://tulospalvelu.palloliitto.fi/match/4053691/lineups
4053691,Scorpions,VAMOL/Myyrmäki,Scorpions,17,Camara Habibou,False,False,6,1,https://tulospalvelu.palloliitto.fi/match/4053691/lineups
4053691,Scorpions,VAMOL/Myyrmäki,Scorpions,18,Sillah Famara,False,False,6,1,https://tulospalvelu.palloliitto.fi/match/4053691/lineups
4053691,Scorpions,VAMOL/Myyrmäki,Scorpions,20,Beyai Lamin,False,False,6,1,https://tulospalvelu.palloliitto.fi/match/4053691/lineups
4053691,Scorpions,VAMOL/Myyrmäki,Scorpions,24,Manjang Bubacarr,False,False,6,1,https://tulospalvelu.palloliitto.fi/match/4053691/lineups
4053691,Scorpions,VAMOL/Myyrmäki,Scorpions,25,Manneh Sarjo,False,False,6,1,https://tulospalvelu.palloliitto.fi/match/4053691/lineups
4053691,Scorpions,VAMOL/Myyrmäki,Scorpions,26,Pa Modou Sarr,False,False,6,1,https://tulospalvelu.palloliitto.fi/match/4053691/lineups
4053691,Scorpions,VAMOL/Myyrmäki,Scorpions,27,Touray Modou (Omar),False,False,6,1,https://tulospalvelu.palloliitto.fi/match/4053691/lineups
4053691,Scorpions,VAMOL/Myyrmäki,VAMOL/Myyrmäki,1,Sharmake Yusuf,True,True,1,6,https://tulospalvelu.palloliitto.fi/match/4053691/lineups
4053691,Scorpions,VAMOL/Myyrmäki,VAMOL/Myyrmäki,2,Hassan Muad,False,False,1,6,https://tulospalvelu.palloliitto.fi/match/4053691/lineups
4053691,Scorpions,VAMOL/Myyrmäki,VAMOL/Myyrmäki,3,Abdullahi Abdi-Samad Mohamed,False,False,1,6,https://tulospalvelu.palloliitto.fi/match/4053691/lineups
4053691,Scorpions,VAMOL/Myyrmäki,VAMOL/Myyrmäki,4,Kalif Kalif Mohamed,False,False,1,6,https://tulospalvelu.palloliitto.fi/match/4053691/lineups
4053691,Scorpions,VAMOL/Myyrmäki,VAMOL/Myyrmäki,5,Aybakar Muscab,False,False,1,6,https://tulospalvelu.palloliitto.fi/match/4053691/lineups
4053691,Scorpions,VAMOL/Myyrmäki,VAMOL/Myyrmäki,6,Abdullahi Abdiwahab Idiris,False,False,1,6,https://tulospalvelu.palloliitto.fi/match/4053691/lineups
4053691,Scorpions,VAMOL/Myyrmäki,VAMOL/Myyrmäki,7,Mohamed Jabir,False,False,1,6,https://tulospalvelu.palloliitto.fi/match/4053691/lineups
4053691,Scorpions,VAMOL/Myyrmäki,VAMOL/Myyrmäki,8,Abdi Mohamed Jr,False,False,1,6,https://tulospalvelu.palloliitto.fi/match/4053691/lineups
4053691,Scorpions,VAMOL/Myyrmäki,VAMOL/Myyrmäki,9,Ahmed Abdirahman,False,False,1,6,https://tulospalvelu.palloliitto.fi/match/4053691/lineups
4053691,Scorpions,VAMOL/Myyrmäki,VAMOL/Myyrmäki,10,Mohammed Abdirahman Ahmed,False,False,1,6,https://tulospalvelu.palloliitto.fi/match/4053691/lineups
4053691,Scorpions,VAMOL/Myyrmäki,VAMOL/Myyrmäki,11,Said Mahamed,False,False,1,6,https://tulospalvelu.palloliitto.fi/match/4053691/lineups
4053691,Scorpions,VAMOL/Myyrmäki,VAMOL/Myyrmäki,12,Hashi Abdirisaq,False,False,1,6,https://tulospalvelu.palloliitto.fi/match/4053691/lineups
4053691,Scorpions,VAMOL/Myyrmäki,VAMOL/Myyrmäki,13,Yuusuf Ali,False,False,1,6,https://tulospalvelu.palloliitto.fi/match/4053691/lineups
4053691,Scorpions,VAMOL/Myyrmäki,VAMOL/Myyrmäki,16,Yussuf Abdikhaliq,False,False,1,6,https://tulospalvelu.palloliitto.fi/match/4053691/lineups
4053691,Scorpions,VAMOL/Myyrmäki,VAMOL/Myyrmäki,17,Hussein Saadsq,False,False,1,6,https://tulospalvelu.palloliitto.fi/match/4053691/lineups
4053691,Scorpions,VAMOL/Myyrmäki,VAMOL/Myyrmäki,18,Ahmed Samatar,False,False,1,6,https://tulospalvelu.palloliitto.fi/match/4053691/lineups
4053689,PK-35/Legendat,Ariana FC,PK-35/Legendat,1,Mankki Lauri,True,False,3,3,https://tulospalvelu.palloliitto.fi/match/4053689/lineups
4053689,PK-35/Legendat,Ariana FC,PK-35/Legendat,3,Laine Viljami,False,False,3,3,https://tulospalvelu.palloliitto.fi/match/4053689/lineups
4053689,PK-35/Legendat,Ariana FC,PK-35/Legendat,4,Stenros Max,False,False,3,3,https://tulospalvelu.palloliitto.fi/match/4053689/lineups
4053689,PK-35/Legendat,Ariana FC,PK-35/Legendat,6,Shafaei Reza,False,False,3,3,https://tulospalvelu.palloliitto.fi/match/4053689/lineups
4053689,PK-35/Legendat,Ariana FC,PK-35/Legendat,8,Khavari Alireza,False,False,3,3,https://tulospalvelu.palloliitto.fi/match/4053689/lineups
4053689,PK-35/Legendat,Ariana FC,PK-35/Legendat,11,Rilasmaa Lucas,False,False,3,3,https://tulospalvelu.palloliitto.fi/match/4053689/lineups
4053689,PK-35/Legendat,Ariana FC,PK-35/Legendat,12,Perevalov Boris,False,False,3,3,https://tulospalvelu.palloliitto.fi/match/4053689/lineups
4053689,PK-35/Legendat,Ariana FC,PK-35/Legendat,14,Ehsan Ahmad Sodais,False,False,3,3,https://tulospalvelu.palloliitto.fi/match/4053689/lineups
4053689,PK-35/Legendat,Ariana FC,PK-35/Legendat,16,Aarnos Onni,False,False,3,3,https://tulospalvelu.palloliitto.fi/match/4053689/lineups
4053689,PK-35/Legendat,Ariana FC,PK-35/Legendat,19,Abubakar Aadil Nur,False,False,3,3,https://tulospalvelu.palloliitto.fi/match/4053689/lineups
4053689,PK-35/Legendat,Ariana FC,PK-35/Legendat,23,Häkkinen Leo,False,False,3,3,https://tulospalvelu.palloliitto.fi/match/4053689/lineups
4053689,PK-35/Legendat,Ariana FC,PK-35/Legendat,24,Miguel Michael,False,False,3,3,https://tulospalvelu.palloliitto.fi/match/4053689/lineups
4053689,PK-35/Legendat,Ariana FC,PK-35/Legendat,28,Shafaei Sajad,False,False,3,3,https://tulospalvelu.palloliitto.fi/match/4053689/lineups
4053689,PK-35/Legendat,Ariana FC,PK-35/Legendat,34,Kaukas Mathias,False,True,3,3,https://tulospalvelu.palloliitto.fi/match/4053689/lineups
4053689,PK-35/Legendat,Ariana FC,PK-35/Legendat,43,Berg Leevi,False,False,3,3,https://tulospalvelu.palloliitto.fi/match/4053689/lineups
4053689,PK-35/Legendat,Ariana FC,PK-35/Legendat,52,Rilasmaa Nicholas,False,False,3,3,https://tulospalvelu.palloliitto.fi/match/4053689/lineups
4053689,PK-35/Legendat,Ariana FC,PK-35/Legendat,61,Hursti Julius,False,False,3,3,https://tulospalvelu.palloliitto.fi/match/4053689/lineups
4053689,PK-35/Legendat,Ariana FC,PK-35/Legendat,88,Moor Marlon,False,False,3,3,https://tulospalvelu.palloliitto.fi/match/4053689/lineups
4053689,PK-35/Legendat,Ariana FC,Ariana FC,1,Ahmadi Omid,True,False,3,3,https://tulospalvelu.palloliitto.fi/match/4053689/lineups
4053689,PK-35/Legendat,Ariana FC,Ariana FC,5,Sharifi Farhad,False,False,3,3,https://tulospalvelu.palloliitto.fi/match/4053689/lineups
4053689,PK-35/Legendat,Ariana FC,Ariana FC,6,Mohammad Tajik,False,False,3,3,https://tulospalvelu.palloliitto.fi/match/4053689/lineups
4053689,PK-35/Legendat,Ariana FC,Ariana FC,8,Javad Ahmadi,False,False,3,3,https://tulospalvelu.palloliitto.fi/match/4053689/lineups
4053689,PK-35/Legendat,Ariana FC,Ariana FC,9,Rassouli Ali,False,False,3,3,https://tulospalvelu.palloliitto.fi/match/4053689/lineups
4053689,PK-35/Legendat,Ariana FC,Ariana FC,10,Ghorbani Alex,False,False,3,3,https://tulospalvelu.palloliitto.fi/match/4053689/lineups
4053689,PK-35/Legendat,Ariana FC,Ariana FC,12,Hafaz Musa,False,False,3,3,https://tulospalvelu.palloliitto.fi/match/4053689/lineups
4053689,PK-35/Legendat,Ariana FC,Ariana FC,17,Sharifi Farshad,False,False,3,3,https://tulospalvelu.palloliitto.fi/match/4053689/lineups
4053689,PK-35/Legendat,Ariana FC,Ariana FC,23,Pirveisi Mohammedreza,False,False,3,3,https://tulospalvelu.palloliitto.fi/match/4053689/lineups
4053689,PK-35/Legendat,Ariana FC,Ariana FC,60,Saeidi Seyyed Morteza,False,False,3,3,https://tulospalvelu.palloliitto.fi/match/4053689/lineups
4053689,PK-35/Legendat,Ariana FC,Ariana FC,80,Razm Rama,False,False,3,3,https://tulospalvelu.palloliitto.fi/match/4053689/lineups
4053689,PK-35/Legendat,Ariana FC,Ariana FC,90,Moslehipour Saleh,False,False,3,3,https://tulospalvelu.palloliitto.fi/match/4053689/lineups
4053687,PK-35/Legendat,VAMOL/Myyrmäki,PK-35/Legendat,1,Mankki Lauri,True,False,3,4,https://tulospalvelu.palloliitto.fi/match/4053687/lineups
4053687,PK-35/Legendat,VAMOL/Myyrmäki,PK-35/Legendat,4,Stenros Max,False,False,3,4,https://tulospalvelu.palloliitto.fi/match/4053687/lineups
4053687,PK-35/Legendat,VAMOL/Myyrmäki,PK-35/Legendat,6,Shafaei Reza,False,False,3,4,https://tulospalvelu.palloliitto.fi/match/4053687/lineups
4053687,PK-35/Legendat,VAMOL/Myyrmäki,PK-35/Legendat,9,Laine Viljami,False,False,3,4,https://tulospalvelu.palloliitto.fi/match/4053687/lineups
4053687,PK-35/Legendat,VAMOL/Myyrmäki,PK-35/Legendat,11,Rilasmaa Lucas,False,False,3,4,https://tulospalvelu.palloliitto.fi/match/4053687/lineups
4053687,PK-35/Legendat,VAMOL/Myyrmäki,PK-35/Legendat,12,Perevalov Boris,False,False,3,4,https://tulospalvelu.palloliitto.fi/match/4053687/lineups
4053687,PK-35/Legendat,VAMOL/Myyrmäki,PK-35/Legendat,14,Ehsan Ahmad Sodais,False,False,3,4,https://tulospalvelu.palloliitto.fi/match/4053687/lineups
4053687,PK-35/Legendat,VAMOL/Myyrmäki,PK-35/Legendat,16,Aarnos Onni,False,False,3,4,https://tulospalvelu.palloliitto.fi/match/4053687/lineups
4053687,PK-35/Legendat,VAMOL/Myyrmäki,PK-35/Legendat,19,Abubakar Aadil Nur,False,False,3,4,https://tulospalvelu.palloliitto.fi/match/4053687/lineups
4053687,PK-35/Legendat,VAMOL/Myyrmäki,PK-35/Legendat,23,Häkkinen Leo,False,False,3,4,https://tulospalvelu.palloliitto.fi/match/4053687/lineups
4053687,PK-35/Legendat,VAMOL/Myyrmäki,PK-35/Legendat,24,Sandén Pyry,False,False,3,4,https://tulospalvelu.palloliitto.fi/match/4053687/lineups
4053687,PK-35/Legendat,VAMOL/Myyrmäki,PK-35/Legendat,25,Hussein Abduljabar,False,False,3,4,https://tulospalvelu.palloliitto.fi/match/4053687/lineups
4053687,PK-35/Legendat,VAMOL/Myyrmäki,PK-35/Legendat,28,Shafaei Sajad,False,False,3,4,https://tulospalvelu.palloliitto.fi/match/4053687/lineups
4053687,PK-35/Legendat,VAMOL/Myyrmäki,PK-35/Legendat,34,Kaukas Mathias,False,True,3,4,https://tulospalvelu.palloliitto.fi/match/4053687/lineups
4053687,PK-35/Legendat,VAMOL/Myyrmäki,PK-35/Legendat,52,Rilasmaa Nicholas,False,False,3,4,https://tulospalvelu.palloliitto.fi/match/4053687/lineups
4053687,PK-35/Legendat,VAMOL/Myyrmäki,PK-35/Legendat,61,Hursti Julius,False,False,3,4,https://tulospalvelu.palloliitto.fi/match/4053687/lineups
4053687,PK-35/Legendat,VAMOL/Myyrmäki,PK-35/Legendat,88,Moor Marlon,False,False,3,4,https://tulospalvelu.palloliitto.fi/match/4053687/lineups
4053687,PK-35/Legendat,VAMOL/Myyrmäki,VAMOL/Myyrmäki,1,Sharmake Yusuf,True,True,4,3,https://tulospalvelu.palloliitto.fi/match/4053687/lineups
4053687,PK-35/Legendat,VAMOL/Myyrmäki,VAMOL/Myyrmäki,,Ahmed Ahmed,False,False,4,3,https://tulospalvelu.palloliitto.fi/match/4053687/lineups
4053687,PK-35/Legendat,VAMOL/Myyrmäki,VAMOL/Myyrmäki,2,Hassan Muad,False,False,4,3,https://tulospalvelu.palloliitto.fi/match/4053687/lineups
4053687,PK-35/Legendat,VAMOL/Myyrmäki,VAMOL/Myyrmäki,3,Moalin-Elmi Khalid,False,False,4,3,https://tulospalvelu.palloliitto.fi/match/4053687/lineups
4053687,PK-35/Legendat,VAMOL/Myyrmäki,VAMOL/Myyrmäki,4,Kalif Kalif Mohamed,False,False,4,3,https://tulospalvelu.palloliitto.fi/match/4053687/lineups
4053687,PK-35/Legendat,VAMOL/Myyrmäki,VAMOL/Myyrmäki,5,Aybakar Muscab,False,False,4,3,https://tulospalvelu.palloliitto.fi/match/4053687/lineups
4053687,PK-35/Legendat,VAMOL/Myyrmäki,VAMOL/Myyrmäki,7,Mohamed Jabir,False,False,4,3,https://tulospalvelu.palloliitto.fi/match/4053687/lineups
4053687,PK-35/Legendat,VAMOL/Myyrmäki,VAMOL/Myyrmäki,8,Abdi Mohamed Jr,False,False,4,3,https://tulospalvelu.palloliitto.fi/match/4053687/lineups
4053687,PK-35/Legendat,VAMOL/Myyrmäki,VAMOL/Myyrmäki,9,Ahmed Abdirahman,False,False,4,3,https://tulospalvelu.palloliitto.fi/match/4053687/lineups
4053687,PK-35/Legendat,VAMOL/Myyrmäki,VAMOL/Myyrmäki,10,Mohammed Abdirahman Ahmed,False,False,4,3,https://tulospalvelu.palloliitto.fi/match/4053687/lineups
4053687,PK-35/Legendat,VAMOL/Myyrmäki,VAMOL/Myyrmäki,11,Said Mahamed,False,False,4,3,https://tulospalvelu.palloliitto.fi/match/4053687/lineups
4053687,PK-35/Legendat,VAMOL/Myyrmäki,VAMOL/Myyrmäki,12,Hashi Abdirisaq,False,False,4,3,https://tulospalvelu.palloliitto.fi/match/4053687/lineups
4053687,PK-35/Legendat,VAMOL/Myyrmäki,VAMOL/Myyrmäki,13,Yuusuf Ali,False,False,4,3,https://tulospalvelu.palloliitto.fi/match/4053687/lineups
4053687,PK-35/Legendat,VAMOL/Myyrmäki,VAMOL/Myyrmäki,16,Yussuf Abdikhaliq,False,False,4,3,https://tulospalvelu.palloliitto.fi/match/4053687/lineups
4053687,PK-35/Legendat,VAMOL/Myyrmäki,VAMOL/Myyrmäki,17,Hussein Saadsq,False,False,4,3,https://tulospalvelu.palloliitto.fi/match/4053687/lineups
4053687,PK-35/Legendat,VAMOL/Myyrmäki,VAMOL/Myyrmäki,18,Ahmed Samatar,False,False,4,3,https://tulospalvelu.palloliitto.fi/match/4053687/lineups
4053684,Ruila,MK United/Warriors,Ruila,1,Kettunen Jukka,True,False,3,0,https://tulospalvelu.palloliitto.fi/match/4053684/lineups
4053684,Ruila,MK United/Warriors,Ruila,2,Pitkänen Ville,False,False,3,0,https://tulospalvelu.palloliitto.fi/match/4053684/lineups
4053684,Ruila,MK United/Warriors,Ruila,3,Virtanen Miska,False,False,3,0,https://tulospalvelu.palloliitto.fi/match/4053684/lineups
4053684,Ruila,MK United/Warriors,Ruila,5,Paldanius Niklas,False,False,3,0,https://tulospalvelu.palloliitto.fi/match/4053684/lineups
4053684,Ruila,MK United/Warriors,Ruila,10,Juutinen Jukka-Pekka,False,False,3,0,https://tulospalvelu.palloliitto.fi/match/4053684/lineups
4053684,Ruila,MK United/Warriors,Ruila,11,Goman Niila,False,False,3,0,https://tulospalvelu.palloliitto.fi/match/4053684/lineups
4053684,Ruila,MK United/Warriors,Ruila,13,Hakkarainen Pasi,False,True,3,0,https://tulospalvelu.palloliitto.fi/match/4053684/lineups
4053684,Ruila,MK United/Warriors,Ruila,17,Virtanen Eemil,False,False,3,0,https://tulospalvelu.palloliitto.fi/match/4053684/lineups
4053684,Ruila,MK United/Warriors,Ruila,22,Koponen Eeli,False,False,3,0,https://tulospalvelu.palloliitto.fi/match/4053684/lineups
4053684,Ruila,MK United/Warriors,Ruila,25,Väisänen Ari Tapio,False,False,3,0,https://tulospalvelu.palloliitto.fi/match/4053684/lineups
4053684,Ruila,MK United/Warriors,Ruila,26,Klockars Otto,False,False,3,0,https://tulospalvelu.palloliitto.fi/match/4053684/lineups
4053684,Ruila,MK United/Warriors,Ruila,28,Paavilainen Jim,False,False,3,0,https://tulospalvelu.palloliitto.fi/match/4053684/lineups
4053684,Ruila,MK United/Warriors,Ruila,37,Kartano Sami,False,False,3,0,https://tulospalvelu.palloliitto.fi/match/4053684/lineups
4053684,Ruila,MK United/Warriors,Ruila,40,Keino Niko Akseli,False,False,3,0,https://tulospalvelu.palloliitto.fi/match/4053684/lineups
4053684,Ruila,MK United/Warriors,Ruila,88,Tallqvist Noel,False,False,3,0,https://tulospalvelu.palloliitto.fi/match/4053684/lineups
4053684,Ruila,MK United/Warriors,Ruila,92,Tenn Samu,False,False,3,0,https://tulospalvelu.palloliitto.fi/match/4053684/lineups
4053684,Ruila,MK United/Warriors,MK United/Warriors,1,Abukar Abdullahi,True,False,0,3,https://tulospalvelu.palloliitto.fi/match/4053684/lineups
4053684,Ruila,MK United/Warriors,MK United/Warriors,2,Yusuf Mohamed,False,False,0,3,https://tulospalvelu.palloliitto.fi/match/4053684/lineups
4053684,Ruila,MK United/Warriors,MK United/Warriors,6,Jama Mustafa,False,False,0,3,https://tulospalvelu.palloliitto.fi/match/4053684/lineups
4053684,Ruila,MK United/Warriors,MK United/Warriors,7,Hamunen Ville,False,False,0,3,https://tulospalvelu.palloliitto.fi/match/4053684/lineups
4053684,Ruila,MK United/Warriors,MK United/Warriors,8,Hyppönen Ilmari,False,False,0,3,https://tulospalvelu.palloliitto.fi/match/4053684/lineups
4053684,Ruila,MK United/Warriors,MK United/Warriors,10,Etie Joshua,False,False,0,3,https://tulospalvelu.palloliitto.fi/match/4053684/lineups
4053684,Ruila,MK United/Warriors,MK United/Warriors,12,Karppinen Konsta,False,False,0,3,https://tulospalvelu.palloliitto.fi/match/4053684/lineups
4053684,Ruila,MK United/Warriors,MK United/Warriors,13,Hallaj Mahdi,False,False,0,3,https://tulospalvelu.palloliitto.fi/match/4053684/lineups
4053684,Ruila,MK United/Warriors,MK United/Warriors,14,Kamitsha Julio Mayasio,False,False,0,3,https://tulospalvelu.palloliitto.fi/match/4053684/lineups
4053684,Ruila,MK United/Warriors,MK United/Warriors,18,Ibrahim Hashim,False,False,0,3,https://tulospalvelu.palloliitto.fi/match/4053684/lineups
4053684,Ruila,MK United/Warriors,MK United/Warriors,20,Mohamed Muqtar,False,False,0,3,https://tulospalvelu.palloliitto.fi/match/4053684/lineups
4053685,Ariana FC,Trikiinit,Ariana FC,1,Rassouli Ali,True,False,2,1,https://tulospalvelu.palloliitto.fi/match/4053685/lineups
4053685,Ariana FC,Trikiinit,Ariana FC,4,Ahmadi Omid,False,False,2,1,https://tulospalvelu.palloliitto.fi/match/4053685/lineups
4053685,Ariana FC,Trikiinit,Ariana FC,6,Mohammad Tajik,False,False,2,1,https://tulospalvelu.palloliitto.fi/match/4053685/lineups
4053685,Ariana FC,Trikiinit,Ariana FC,8,Javad Ahmadi,False,False,2,1,https://tulospalvelu.palloliitto.fi/match/4053685/lineups
4053685,Ariana FC,Trikiinit,Ariana FC,10,Ghorbani Alex,False,False,2,1,https://tulospalvelu.palloliitto.fi/match/4053685/lineups
4053685,Ariana FC,Trikiinit,Ariana FC,11,Hafaz Musa,False,False,2,1,https://tulospalvelu.palloliitto.fi/match/4053685/lineups
4053685,Ariana FC,Trikiinit,Ariana FC,17,Sharifi Farshad,False,False,2,1,https://tulospalvelu.palloliitto.fi/match/4053685/lineups
4053685,Ariana FC,Trikiinit,Ariana FC,40,Razm Rama,False,False,2,1,https://tulospalvelu.palloliitto.fi/match/4053685/lineups
4053685,Ariana FC,Trikiinit,Ariana FC,60,Saeidi Seyyed Morteza,False,False,2,1,https://tulospalvelu.palloliitto.fi/match/4053685/lineups
4053685,Ariana FC,Trikiinit,Ariana FC,70,Sharifi Farhad,False,False,2,1,https://tulospalvelu.palloliitto.fi/match/4053685/lineups
4053685,Ariana FC,Trikiinit,Ariana FC,80,Pirveisi Mohammedreza,False,False,2,1,https://tulospalvelu.palloliitto.fi/match/4053685/lineups
4053685,Ariana FC,Trikiinit,Ariana FC,90,Moslehipour Saleh,False,False,2,1,https://tulospalvelu.palloliitto.fi/match/4053685/lineups
4053685,Ariana FC,Trikiinit,Trikiinit,1,Toivonen Jaakko,True,True,1,2,https://tulospalvelu.palloliitto.fi/match/4053685/lineups
4053685,Ariana FC,Trikiinit,Trikiinit,3,Nieminen Lauri,False,False,1,2,https://tulospalvelu.palloliitto.fi/match/4053685/lineups
4053685,Ariana FC,Trikiinit,Trikiinit,5,Vattulainen Taisto,False,False,1,2,https://tulospalvelu.palloliitto.fi/match/4053685/lineups
4053685,Ariana FC,Trikiinit,Trikiinit,7,Owusu Kenneth,False,False,1,2,https://tulospalvelu.palloliitto.fi/match/4053685/lineups
4053685,Ariana FC,Trikiinit,Trikiinit,9,Koivula Juho,False,False,1,2,https://tulospalvelu.palloliitto.fi/match/4053685/lineups
4053685,Ariana FC,Trikiinit,Trikiinit,10,Asikainen Topi,False,False,1,2,https://tulospalvelu.palloliitto.fi/match/4053685/lineups
4053685,Ariana FC,Trikiinit,Trikiinit,12,Kyyrä Tomi,False,False,1,2,https://tulospalvelu.palloliitto.fi/match/4053685/lineups
4053685,Ariana FC,Trikiinit,Trikiinit,13,Eklund Mikael,False,False,1,2,https://tulospalvelu.palloliitto.fi/match/4053685/lineups
4053685,Ariana FC,Trikiinit,Trikiinit,14,Theo Auer,False,False,1,2,https://tulospalvelu.palloliitto.fi/match/4053685/lineups
4053685,Ariana FC,Trikiinit,Trikiinit,18,Eiskop Hindrek,False,False,1,2,https://tulospalvelu.palloliitto.fi/match/4053685/lineups
4053685,Ariana FC,Trikiinit,Trikiinit,20,Mether Mikael,False,False,1,2,https://tulospalvelu.palloliitto.fi/match/4053685/lineups
4053685,Ariana FC,Trikiinit,Trikiinit,21,Winberg Matias,False,False,1,2,https://tulospalvelu.palloliitto.fi/match/4053685/lineups
4053685,Ariana FC,Trikiinit,Trikiinit,29,Winberg Joni,False,False,1,2,https://tulospalvelu.palloliitto.fi/match/4053685/lineups
4053685,Ariana FC,Trikiinit,Trikiinit,30,Laasonen Mikko,False,False,1,2,https://tulospalvelu.palloliitto.fi/match/4053685/lineups
4053685,Ariana FC,Trikiinit,Trikiinit,31,Parviainen Roope-Jussi,False,False,1,2,https://tulospalvelu.palloliitto.fi/match/4053685/lineups
4053678,Scorpions,Ruila,Scorpions,1,Jarju Lamin,True,False,3,4,https://tulospalvelu.palloliitto.fi/match/4053678/lineups
4053678,Scorpions,Ruila,Scorpions,11,Joof Abdoukarim,True,False,3,4,https://tulospalvelu.palloliitto.fi/match/4053678/lineups
4053678,Scorpions,Ruila,Scorpions,2,Jobe Maceesay,False,False,3,4,https://tulospalvelu.palloliitto.fi/match/4053678/lineups
4053678,Scorpions,Ruila,Scorpions,3,Gaye Haruna,False,False,3,4,https://tulospalvelu.palloliitto.fi/match/4053678/lineups
4053678,Scorpions,Ruila,Scorpions,4,Manneh Ousman,False,False,3,4,https://tulospalvelu.palloliitto.fi/match/4053678/lineups
4053678,Scorpions,Ruila,Scorpions,5,Jabbie Mbemba,False,False,3,4,https://tulospalvelu.palloliitto.fi/match/4053678/lineups
4053678,Scorpions,Ruila,Scorpions,7,Sonko Bubacarr,False,False,3,4,https://tulospalvelu.palloliitto.fi/match/4053678/lineups
4053678,Scorpions,Ruila,Scorpions,8,Suso Mba,False,False,3,4,https://tulospalvelu.palloliitto.fi/match/4053678/lineups
4053678,Scorpions,Ruila,Scorpions,10,Gibba Buba,False,True,3,4,https://tulospalvelu.palloliitto.fi/match/4053678/lineups
4053678,Scorpions,Ruila,Scorpions,12,Corr Muhammed,False,False,3,4,https://tulospalvelu.palloliitto.fi/match/4053678/lineups
4053678,Scorpions,Ruila,Scorpions,13,Ebrima Sillah,False,False,3,4,https://tulospalvelu.palloliitto.fi/match/4053678/lineups
4053678,Scorpions,Ruila,Scorpions,14,Camara Dukara Malamin,False,False,3,4,https://tulospalvelu.palloliitto.fi/match/4053678/lineups
4053678,Scorpions,Ruila,Scorpions,15,Jammeh Adama,False,False,3,4,https://tulospalvelu.palloliitto.fi/match/4053678/lineups
4053678,Scorpions,Ruila,Scorpions,17,Camara Habibou,False,False,3,4,https://tulospalvelu.palloliitto.fi/match/4053678/lineups
4053678,Scorpions,Ruila,Scorpions,18,Sillah Famara,False,False,3,4,https://tulospalvelu.palloliitto.fi/match/4053678/lineups
4053678,Scorpions,Ruila,Scorpions,19,Bajo Sheriff,False,False,3,4,https://tulospalvelu.palloliitto.fi/match/4053678/lineups
4053678,Scorpions,Ruila,Scorpions,20,Beyai Lamin,False,False,3,4,https://tulospalvelu.palloliitto.fi/match/4053678/lineups
4053678,Scorpions,Ruila,Scorpions,21,Baio Lamin K.,False,False,3,4,https://tulospalvelu.palloliitto.fi/match/4053678/lineups
4053678,Scorpions,Ruila,Scorpions,29,Sambou Tijan,False,False,3,4,https://tulospalvelu.palloliitto.fi/match/4053678/lineups
4053678,Scorpions,Ruila,Ruila,1,Kettunen Jukka,True,True,4,3,https://tulospalvelu.palloliitto.fi/match/4053678/lineups
4053678,Scorpions,Ruila,Ruila,2,Pitkänen Ville,False,False,4,3,https://tulospalvelu.palloliitto.fi/match/4053678/lineups
4053678,Scorpions,Ruila,Ruila,3,Virtanen Eemil,False,False,4,3,https://tulospalvelu.palloliitto.fi/match/4053678/lineups
4053678,Scorpions,Ruila,Ruila,4,Hailikari Niki,False,False,4,3,https://tulospalvelu.palloliitto.fi/match/4053678/lineups
4053678,Scorpions,Ruila,Ruila,5,Paldanius Niklas,False,False,4,3,https://tulospalvelu.palloliitto.fi/match/4053678/lineups
4053678,Scorpions,Ruila,Ruila,6,Neuvonen Aapo,False,False,4,3,https://tulospalvelu.palloliitto.fi/match/4053678/lineups
4053678,Scorpions,Ruila,Ruila,10,Juutinen Jukka-Pekka,False,False,4,3,https://tulospalvelu.palloliitto.fi/match/4053678/lineups
4053678,Scorpions,Ruila,Ruila,11,Goman Niila,False,False,4,3,https://tulospalvelu.palloliitto.fi/match/4053678/lineups
4053678,Scorpions,Ruila,Ruila,16,Puolakka Tommi,False,False,4,3,https://tulospalvelu.palloliitto.fi/match/4053678/lineups
4053678,Scorpions,Ruila,Ruila,24,Viio Tomasz,False,False,4,3,https://tulospalvelu.palloliitto.fi/match/4053678/lineups
4053678,Scorpions,Ruila,Ruila,25,Väisänen Ari Tapio,False,False,4,3,https://tulospalvelu.palloliitto.fi/match/4053678/lineups
4053678,Scorpions,Ruila,Ruila,26,Klockars Otto,False,False,4,3,https://tulospalvelu.palloliitto.fi/match/4053678/lineups
4053678,Scorpions,Ruila,Ruila,28,Paavilainen Jim,False,False,4,3,https://tulospalvelu.palloliitto.fi/match/4053678/lineups
4053678,Scorpions,Ruila,Ruila,29,Vahtola Oliver,False,False,4,3,https://tulospalvelu.palloliitto.fi/match/4053678/lineups
4053678,Scorpions,Ruila,Ruila,37,Kartano Sami,False,False,4,3,https://tulospalvelu.palloliitto.fi/match/4053678/lineups
4053678,Scorpions,Ruila,Ruila,40,Keino Niko Akseli,False,False,4,3,https://tulospalvelu.palloliitto.fi/match/4053678/lineups
4053678,Scorpions,Ruila,Ruila,42,Ärilä Niklas,False,False,4,3,https://tulospalvelu.palloliitto.fi/match/4053678/lineups
4053678,Scorpions,Ruila,Ruila,88,Tallqvist Noel,False,False,4,3,https://tulospalvelu.palloliitto.fi/match/4053678/lineups
4053680,MK United/Warriors,PK-35/Legendat,MK United/Warriors,13,Elmi Mohamed,True,False,4,4,https://tulospalvelu.palloliitto.fi/match/4053680/lineups
4053680,MK United/Warriors,PK-35/Legendat,MK United/Warriors,2,Jama Mustafa,False,False,4,4,https://tulospalvelu.palloliitto.fi/match/4053680/lineups
4053680,MK United/Warriors,PK-35/Legendat,MK United/Warriors,6,Yusuf Yasiin,False,False,4,4,https://tulospalvelu.palloliitto.fi/match/4053680/lineups
4053680,MK United/Warriors,PK-35/Legendat,MK United/Warriors,7,Hamunen Ville,False,False,4,4,https://tulospalvelu.palloliitto.fi/match/4053680/lineups
4053680,MK United/Warriors,PK-35/Legendat,MK United/Warriors,8,Hyppönen Ilmari,False,False,4,4,https://tulospalvelu.palloliitto.fi/match/4053680/lineups
4053680,MK United/Warriors,PK-35/Legendat,MK United/Warriors,10,Ibrahim Hashim,False,False,4,4,https://tulospalvelu.palloliitto.fi/match/4053680/lineups
4053680,MK United/Warriors,PK-35/Legendat,MK United/Warriors,12,Karppinen Konsta,False,False,4,4,https://tulospalvelu.palloliitto.fi/match/4053680/lineups
4053680,MK United/Warriors,PK-35/Legendat,MK United/Warriors,14,Abukar Abdullahi,False,False,4,4,https://tulospalvelu.palloliitto.fi/match/4053680/lineups
4053680,MK United/Warriors,PK-35/Legendat,MK United/Warriors,15,Etie Joshua,False,False,4,4,https://tulospalvelu.palloliitto.fi/match/4053680/lineups
4053680,MK United/Warriors,PK-35/Legendat,MK United/Warriors,17,Mohamed Muqtar,False,False,4,4,https://tulospalvelu.palloliitto.fi/match/4053680/lineups
4053680,MK United/Warriors,PK-35/Legendat,MK United/Warriors,18,Yusuf Mohamed,False,False,4,4,https://tulospalvelu.palloliitto.fi/match/4053680/lineups
4053680,MK United/Warriors,PK-35/Legendat,MK United/Warriors,20,Landu Zoe,False,False,4,4,https://tulospalvelu.palloliitto.fi/match/4053680/lineups
4053680,MK United/Warriors,PK-35/Legendat,MK United/Warriors,21,Wetu Benjamin,False,False,4,4,https://tulospalvelu.palloliitto.fi/match/4053680/lineups
4053680,MK United/Warriors,PK-35/Legendat,PK-35/Legendat,1,Mankki Lauri,True,False,4,4,https://tulospalvelu.palloliitto.fi/match/4053680/lineups
4053680,MK United/Warriors,PK-35/Legendat,PK-35/Legendat,4,Stenros Max,False,False,4,4,https://tulospalvelu.palloliitto.fi/match/4053680/lineups
4053680,MK United/Warriors,PK-35/Legendat,PK-35/Legendat,5,Razmyar Nomyal,False,False,4,4,https://tulospalvelu.palloliitto.fi/match/4053680/lineups
4053680,MK United/Warriors,PK-35/Legendat,PK-35/Legendat,9,Shafaei Abbas,False,False,4,4,https://tulospalvelu.palloliitto.fi/match/4053680/lineups
4053680,MK United/Warriors,PK-35/Legendat,PK-35/Legendat,10,Turunen Vaatu,False,False,4,4,https://tulospalvelu.palloliitto.fi/match/4053680/lineups
4053680,MK United/Warriors,PK-35/Legendat,PK-35/Legendat,12,Perevalov Boris,False,False,4,4,https://tulospalvelu.palloliitto.fi/match/4053680/lineups
4053680,MK United/Warriors,PK-35/Legendat,PK-35/Legendat,14,Ehsan Ahmad Sodais,False,False,4,4,https://tulospalvelu.palloliitto.fi/match/4053680/lineups
4053680,MK United/Warriors,PK-35/Legendat,PK-35/Legendat,16,Aarnos Onni,False,False,4,4,https://tulospalvelu.palloliitto.fi/match/4053680/lineups
4053680,MK United/Warriors,PK-35/Legendat,PK-35/Legendat,19,Abubakar Aadil Nur,False,False,4,4,https://tulospalvelu.palloliitto.fi/match/4053680/lineups
4053680,MK United/Warriors,PK-35/Legendat,PK-35/Legendat,21,Sardis Karhunen Aleksi,False,False,4,4,https://tulospalvelu.palloliitto.fi/match/4053680/lineups
4053680,MK United/Warriors,PK-35/Legendat,PK-35/Legendat,23,Häkkinen Leo,False,False,4,4,https://tulospalvelu.palloliitto.fi/match/4053680/lineups
4053680,MK United/Warriors,PK-35/Legendat,PK-35/Legendat,24,Sandén Pyry,False,False,4,4,https://tulospalvelu.palloliitto.fi/match/4053680/lineups
4053680,MK United/Warriors,PK-35/Legendat,PK-35/Legendat,28,Shafaei Sajad,False,False,4,4,https://tulospalvelu.palloliitto.fi/match/4053680/lineups
4053680,MK United/Warriors,PK-35/Legendat,PK-35/Legendat,34,Kaukas Mathias,False,True,4,4,https://tulospalvelu.palloliitto.fi/match/4053680/lineups
4053680,MK United/Warriors,PK-35/Legendat,PK-35/Legendat,43,Berg Leevi,False,False,4,4,https://tulospalvelu.palloliitto.fi/match/4053680/lineups
4053680,MK United/Warriors,PK-35/Legendat,PK-35/Legendat,52,Rilasmaa Nicholas,False,False,4,4,https://tulospalvelu.palloliitto.fi/match/4053680/lineups
4053680,MK United/Warriors,PK-35/Legendat,PK-35/Legendat,61,Hursti Julius,False,False,4,4,https://tulospalvelu.palloliitto.fi/match/4053680/lineups
4053680,MK United/Warriors,PK-35/Legendat,PK-35/Legendat,88,Moor Marlon,False,False,4,4,https://tulospalvelu.palloliitto.fi/match/4053680/lineups
4053681,VAMOL/Myyrmäki,FC Viikingit/S.C.P L,VAMOL/Myyrmäki,1,Sharmake Yusuf,True,True,0,3,https://tulospalvelu.palloliitto.fi/match/4053681/lineups
4053681,VAMOL/Myyrmäki,FC Viikingit/S.C.P L,VAMOL/Myyrmäki,,Ahmed Ahmed,False,False,0,3,https://tulospalvelu.palloliitto.fi/match/4053681/lineups
4053681,VAMOL/Myyrmäki,FC Viikingit/S.C.P L,VAMOL/Myyrmäki,2,Hassan Muad,False,False,0,3,https://tulospalvelu.palloliitto.fi/match/4053681/lineups
4053681,VAMOL/Myyrmäki,FC Viikingit/S.C.P L,VAMOL/Myyrmäki,3,Moalin-Elmi Khalid,False,False,0,3,https://tulospalvelu.palloliitto.fi/match/4053681/lineups
4053681,VAMOL/Myyrmäki,FC Viikingit/S.C.P L,VAMOL/Myyrmäki,4,Kalif Kalif Mohamed,False,False,0,3,https://tulospalvelu.palloliitto.fi/match/4053681/lineups
4053681,VAMOL/Myyrmäki,FC Viikingit/S.C.P L,VAMOL/Myyrmäki,5,Aybakar Muscab,False,False,0,3,https://tulospalvelu.palloliitto.fi/match/4053681/lineups
4053681,VAMOL/Myyrmäki,FC Viikingit/S.C.P L,VAMOL/Myyrmäki,7,Mohamed Jabir,False,False,0,3,https://tulospalvelu.palloliitto.fi/match/4053681/lineups
4053681,VAMOL/Myyrmäki,FC Viikingit/S.C.P L,VAMOL/Myyrmäki,8,Abdi Mohamed Jr,False,False,0,3,https://tulospalvelu.palloliitto.fi/match/4053681/lineups
4053681,VAMOL/Myyrmäki,FC Viikingit/S.C.P L,VAMOL/Myyrmäki,9,Ahmed Abdirahman,False,False,0,3,https://tulospalvelu.palloliitto.fi/match/4053681/lineups
4053681,VAMOL/Myyrmäki,FC Viikingit/S.C.P L,VAMOL/Myyrmäki,10,Mohammed Abdirahman Ahmed,False,False,0,3,https://tulospalvelu.palloliitto.fi/match/4053681/lineups
4053681,VAMOL/Myyrmäki,FC Viikingit/S.C.P L,VAMOL/Myyrmäki,11,Said Mahamed,False,False,0,3,https://tulospalvelu.palloliitto.fi/match/4053681/lineups
4053681,VAMOL/Myyrmäki,FC Viikingit/S.C.P L,VAMOL/Myyrmäki,12,Hashi Abdirisaq,False,False,0,3,https://tulospalvelu.palloliitto.fi/match/4053681/lineups
4053681,VAMOL/Myyrmäki,FC Viikingit/S.C.P L,VAMOL/Myyrmäki,13,Yuusuf Ali,False,False,0,3,https://tulospalvelu.palloliitto.fi/match/4053681/lineups
4053681,VAMOL/Myyrmäki,FC Viikingit/S.C.P L,VAMOL/Myyrmäki,16,Yussuf Abdikhaliq,False,False,0,3,https://tulospalvelu.palloliitto.fi/match/4053681/lineups
4053681,VAMOL/Myyrmäki,FC Viikingit/S.C.P L,VAMOL/Myyrmäki,17,Hussein Saadsq,False,False,0,3,https://tulospalvelu.palloliitto.fi/match/4053681/lineups
4053681,VAMOL/Myyrmäki,FC Viikingit/S.C.P L,VAMOL/Myyrmäki,18,Ahmed Samatar,False,False,0,3,https://tulospalvelu.palloliitto.fi/match/4053681/lineups
4053681,VAMOL/Myyrmäki,FC Viikingit/S.C.P L,FC Viikingit/S.C.P L,,Akyun Siyamet,False,False,3,0,https://tulospalvelu.palloliitto.fi/match/4053681/lineups
4053681,VAMOL/Myyrmäki,FC Viikingit/S.C.P L,FC Viikingit/S.C.P L,,Auvinen Leevi,False,False,3,0,https://tulospalvelu.palloliitto.fi/match/4053681/lineups
4053681,VAMOL/Myyrmäki,FC Viikingit/S.C.P L,FC Viikingit/S.C.P L,,Bosompen Manu Tadios,False,False,3,0,https://tulospalvelu.palloliitto.fi/match/4053681/lineups
4053681,VAMOL/Myyrmäki,FC Viikingit/S.C.P L,FC Viikingit/S.C.P L,,Forsten Jonne,False,False,3,0,https://tulospalvelu.palloliitto.fi/match/4053681/lineups
4053681,VAMOL/Myyrmäki,FC Viikingit/S.C.P L,FC Viikingit/S.C.P L,,Hassan Mohamed,False,False,3,0,https://tulospalvelu.palloliitto.fi/match/4053681/lineups
4053681,VAMOL/Myyrmäki,FC Viikingit/S.C.P L,FC Viikingit/S.C.P L,,Kunnas Jere,False,False,3,0,https://tulospalvelu.palloliitto.fi/match/4053681/lineups
4053681,VAMOL/Myyrmäki,FC Viikingit/S.C.P L,FC Viikingit/S.C.P L,,Kunnas Lari,False,False,3,0,https://tulospalvelu.palloliitto.fi/match/4053681/lineups
4053681,VAMOL/Myyrmäki,FC Viikingit/S.C.P L,FC Viikingit/S.C.P L,,Kunnas Riku,False,False,3,0,https://tulospalvelu.palloliitto.fi/match/4053681/lineups
4053681,VAMOL/Myyrmäki,FC Viikingit/S.C.P L,FC Viikingit/S.C.P L,,Mieho Juuso,False,False,3,0,https://tulospalvelu.palloliitto.fi/match/4053681/lineups
4053681,VAMOL/Myyrmäki,FC Viikingit/S.C.P L,FC Viikingit/S.C.P L,,Moskuvaara Jani,False,False,3,0,https://tulospalvelu.palloliitto.fi/match/4053681/lineups
4053681,VAMOL/Myyrmäki,FC Viikingit/S.C.P L,FC Viikingit/S.C.P L,,Mutikainen Jesse,False,False,3,0,https://tulospalvelu.palloliitto.fi/match/4053681/lineups
4053681,VAMOL/Myyrmäki,FC Viikingit/S.C.P L,FC Viikingit/S.C.P L,,Niemenmaa Janne,False,False,3,0,https://tulospalvelu.palloliitto.fi/match/4053681/lineups
4053681,VAMOL/Myyrmäki,FC Viikingit/S.C.P L,FC Viikingit/S.C.P L,,Ouni Emin,False,False,3,0,https://tulospalvelu.palloliitto.fi/match/4053681/lineups
4053681,VAMOL/Myyrmäki,FC Viikingit/S.C.P L,FC Viikingit/S.C.P L,,Remes Julius,False,False,3,0,https://tulospalvelu.palloliitto.fi/match/4053681/lineups
4053681,VAMOL/Myyrmäki,FC Viikingit/S.C.P L,FC Viikingit/S.C.P L,,Ritola Mika,False,False,3,0,https://tulospalvelu.palloliitto.fi/match/4053681/lineups
4053681,VAMOL/Myyrmäki,FC Viikingit/S.C.P L,FC Viikingit/S.C.P L,,Simula Kristoffer,False,False,3,0,https://tulospalvelu.palloliitto.fi/match/4053681/lineups
4053681,VAMOL/Myyrmäki,FC Viikingit/S.C.P L,FC Viikingit/S.C.P L,,Tommio Aleksi,False,False,3,0,https://tulospalvelu.palloliitto.fi/match/4053681/lineups
4053681,VAMOL/Myyrmäki,FC Viikingit/S.C.P L,FC Viikingit/S.C.P L,,Vasara Pekka,False,False,3,0,https://tulospalvelu.palloliitto.fi/match/4053681/lineups
4053681,VAMOL/Myyrmäki,FC Viikingit/S.C.P L,FC Viikingit/S.C.P L,,Virtanen Riku,False,False,3,0,https://tulospalvelu.palloliitto.fi/match/4053681/lineups
4053681,VAMOL/Myyrmäki,FC Viikingit/S.C.P L,FC Viikingit/S.C.P L,,Wikström Aleksi,False,False,3,0,https://tulospalvelu.palloliitto.fi/match/4053681/lineups
4053681,VAMOL/Myyrmäki,FC Viikingit/S.C.P L,FC Viikingit/S.C.P L,1,Woima Matias,False,False,3,0,https://tulospalvelu.palloliitto.fi/match/4053681/lineups
4053681,VAMOL/Myyrmäki,FC Viikingit/S.C.P L,FC Viikingit/S.C.P L,2,Freden Toni,False,False,3,0,https://tulospalvelu.palloliitto.fi/match/4053681/lineups
4053681,VAMOL/Myyrmäki,FC Viikingit/S.C.P L,FC Viikingit/S.C.P L,4,Hovav Tomer,False,False,3,0,https://tulospalvelu.palloliitto.fi/match/4053681/lineups
4053681,VAMOL/Myyrmäki,FC Viikingit/S.C.P L,FC Viikingit/S.C.P L,5,Blomqvist Niclas,False,False,3,0,https://tulospalvelu.palloliitto.fi/match/4053681/lineups
4053681,VAMOL/Myyrmäki,FC Viikingit/S.C.P L,FC Viikingit/S.C.P L,7,Rauhala Jarkko,False,False,3,0,https://tulospalvelu.palloliitto.fi/match/4053681/lineups
4053681,VAMOL/Myyrmäki,FC Viikingit/S.C.P L,FC Viikingit/S.C.P L,8,Piekiäinen Vesa,False,False,3,0,https://tulospalvelu.palloliitto.fi/match/4053681/lineups
4053681,VAMOL/Myyrmäki,FC Viikingit/S.C.P L,FC Viikingit/S.C.P L,9,Freden Oliver,False,False,3,0,https://tulospalvelu.palloliitto.fi/match/4053681/lineups
4053681,VAMOL/Myyrmäki,FC Viikingit/S.C.P L,FC Viikingit/S.C.P L,12,Kujama Jukka,False,False,3,0,https://tulospalvelu.palloliitto.fi/match/4053681/lineups
4053681,VAMOL/Myyrmäki,FC Viikingit/S.C.P L,FC Viikingit/S.C.P L,15,Laaksonen Iiro,False,False,3,0,https://tulospalvelu.palloliitto.fi/match/4053681/lineups
4053681,VAMOL/Myyrmäki,FC Viikingit/S.C.P L,FC Viikingit/S.C.P L,19,Freden Niko,False,False,3,0,https://tulospalvelu.palloliitto.fi/match/4053681/lineups
4053681,VAMOL/Myyrmäki,FC Viikingit/S.C.P L,FC Viikingit/S.C.P L,22,David Nadav,False,False,3,0,https://tulospalvelu.palloliitto.fi/match/4053681/lineups
4053681,VAMOL/Myyrmäki,FC Viikingit/S.C.P L,FC Viikingit/S.C.P L,62,Sainomaa Aapo,False,False,3,0,https://tulospalvelu.palloliitto.fi/match/4053681/lineups
4053681,VAMOL/Myyrmäki,FC Viikingit/S.C.P L,FC Viikingit/S.C.P L,66,Tiensuu Mika,False,False,3,0,https://tulospalvelu.palloliitto.fi/match/4053681/lineups
4053674,Ariana FC,Scorpions,Ariana FC,1,Hämäläinen Tero,True,False,2,6,https://tulospalvelu.palloliitto.fi/match/4053674/lineups
4053674,Ariana FC,Scorpions,Ariana FC,4,Ahmad Ahmadi,False,False,2,6,https://tulospalvelu.palloliitto.fi/match/4053674/lineups
4053674,Ariana FC,Scorpions,Ariana FC,5,Saeidi Seyyed Morteza,False,False,2,6,https://tulospalvelu.palloliitto.fi/match/4053674/lineups
4053674,Ariana FC,Scorpions,Ariana FC,7,Javad Ahmadi,False,False,2,6,https://tulospalvelu.palloliitto.fi/match/4053674/lineups
4053674,Ariana FC,Scorpions,Ariana FC,8,Ahmadi Omid,False,False,2,6,https://tulospalvelu.palloliitto.fi/match/4053674/lineups
4053674,Ariana FC,Scorpions,Ariana FC,9,Rassouli Ali,False,False,2,6,https://tulospalvelu.palloliitto.fi/match/4053674/lineups
4053674,Ariana FC,Scorpions,Ariana FC,10,Sharifi Farshad,False,False,2,6,https://tulospalvelu.palloliitto.fi/match/4053674/lineups
4053674,Ariana FC,Scorpions,Ariana FC,11,Ghorbani Alex,False,False,2,6,https://tulospalvelu.palloliitto.fi/match/4053674/lineups
4053674,Ariana FC,Scorpions,Ariana FC,17,Hafaz Musa,False,False,2,6,https://tulospalvelu.palloliitto.fi/match/4053674/lineups
4053674,Ariana FC,Scorpions,Ariana FC,20,Moslehipour Saleh,False,False,2,6,https://tulospalvelu.palloliitto.fi/match/4053674/lineups
4053674,Ariana FC,Scorpions,Ariana FC,34,Pirveisi Mohammedreza,False,False,2,6,https://tulospalvelu.palloliitto.fi/match/4053674/lineups
4053674,Ariana FC,Scorpions,Ariana FC,35,Razm Rama,False,False,2,6,https://tulospalvelu.palloliitto.fi/match/4053674/lineups
4053674,Ariana FC,Scorpions,Ariana FC,36,Sharifi Farhad,False,False,2,6,https://tulospalvelu.palloliitto.fi/match/4053674/lineups
4053674,Ariana FC,Scorpions,Ariana FC,71,Mohammad Tajik,False,False,2,6,https://tulospalvelu.palloliitto.fi/match/4053674/lineups
4053674,Ariana FC,Scorpions,Scorpions,1,Jarju Lamin,True,False,6,2,https://tulospalvelu.palloliitto.fi/match/4053674/lineups
4053674,Ariana FC,Scorpions,Scorpions,9,Dampha Nfamara,True,False,6,2,https://tulospalvelu.palloliitto.fi/match/4053674/lineups
4053674,Ariana FC,Scorpions,Scorpions,11,Joof Abdoukarim,True,False,6,2,https://tulospalvelu.palloliitto.fi/match/4053674/lineups
4053674,Ariana FC,Scorpions,Scorpions,2,Jobe Maceesay,False,False,6,2,https://tulospalvelu.palloliitto.fi/match/4053674/lineups
4053674,Ariana FC,Scorpions,Scorpions,3,Gaye Haruna,False,False,6,2,https://tulospalvelu.palloliitto.fi/match/4053674/lineups
4053674,Ariana FC,Scorpions,Scorpions,4,Manneh Ousman,False,False,6,2,https://tulospalvelu.palloliitto.fi/match/4053674/lineups
4053674,Ariana FC,Scorpions,Scorpions,5,Jabbie Mbemba,False,False,6,2,https://tulospalvelu.palloliitto.fi/match/4053674/lineups
4053674,Ariana FC,Scorpions,Scorpions,7,Sonko Bubacarr,False,False,6,2,https://tulospalvelu.palloliitto.fi/match/4053674/lineups
4053674,Ariana FC,Scorpions,Scorpions,8,Suso Mba,False,False,6,2,https://tulospalvelu.palloliitto.fi/match/4053674/lineups
4053674,Ariana FC,Scorpions,Scorpions,10,Gibba Buba,False,True,6,2,https://tulospalvelu.palloliitto.fi/match/4053674/lineups
4053674,Ariana FC,Scorpions,Scorpions,12,Corr Muhammed,False,False,6,2,https://tulospalvelu.palloliitto.fi/match/4053674/lineups
4053674,Ariana FC,Scorpions,Scorpions,13,Ebrima Sillah,False,False,6,2,https://tulospalvelu.palloliitto.fi/match/4053674/lineups
4053674,Ariana FC,Scorpions,Scorpions,14,Camara Dukara Malamin,False,False,6,2,https://tulospalvelu.palloliitto.fi/match/4053674/lineups
4053674,Ariana FC,Scorpions,Scorpions,15,Jammeh Adama,False,False,6,2,https://tulospalvelu.palloliitto.fi/match/4053674/lineups
4053674,Ariana FC,Scorpions,Scorpions,17,Camara Habibou,False,False,6,2,https://tulospalvelu.palloliitto.fi/match/4053674/lineups
4053674,Ariana FC,Scorpions,Scorpions,18,Sillah Famara,False,False,6,2,https://tulospalvelu.palloliitto.fi/match/4053674/lineups
4053674,Ariana FC,Scorpions,Scorpions,20,Beyai Lamin,False,False,6,2,https://tulospalvelu.palloliitto.fi/match/4053674/lineups
4053674,Ariana FC,Scorpions,Scorpions,21,Baio Lamin K.,False,False,6,2,https://tulospalvelu.palloliitto.fi/match/4053674/lineups
4053676,FC Viikingit/S.C.P L,PK-35/Legendat,FC Viikingit/S.C.P L,1,Niemenmaa Janne,True,False,5,3,https://tulospalvelu.palloliitto.fi/match/4053676/lineups
4053676,FC Viikingit/S.C.P L,PK-35/Legendat,FC Viikingit/S.C.P L,2,Freden Toni,False,False,5,3,https://tulospalvelu.palloliitto.fi/match/4053676/lineups
4053676,FC Viikingit/S.C.P L,PK-35/Legendat,FC Viikingit/S.C.P L,5,Blomqvist Niclas,False,False,5,3,https://tulospalvelu.palloliitto.fi/match/4053676/lineups
4053676,FC Viikingit/S.C.P L,PK-35/Legendat,FC Viikingit/S.C.P L,6,Akyun Siyamet,False,False,5,3,https://tulospalvelu.palloliitto.fi/match/4053676/lineups
4053676,FC Viikingit/S.C.P L,PK-35/Legendat,FC Viikingit/S.C.P L,7,Rauhala Jarkko,False,False,5,3,https://tulospalvelu.palloliitto.fi/match/4053676/lineups
4053676,FC Viikingit/S.C.P L,PK-35/Legendat,FC Viikingit/S.C.P L,8,Piekiäinen Vesa,False,False,5,3,https://tulospalvelu.palloliitto.fi/match/4053676/lineups
4053676,FC Viikingit/S.C.P L,PK-35/Legendat,FC Viikingit/S.C.P L,9,Ritola Mika,False,False,5,3,https://tulospalvelu.palloliitto.fi/match/4053676/lineups
4053676,FC Viikingit/S.C.P L,PK-35/Legendat,FC Viikingit/S.C.P L,19,Freden Niko,False,False,5,3,https://tulospalvelu.palloliitto.fi/match/4053676/lineups
4053676,FC Viikingit/S.C.P L,PK-35/Legendat,FC Viikingit/S.C.P L,20,Laaksonen Iiro,False,False,5,3,https://tulospalvelu.palloliitto.fi/match/4053676/lineups
4053676,FC Viikingit/S.C.P L,PK-35/Legendat,FC Viikingit/S.C.P L,21,Kujama Jukka,False,False,5,3,https://tulospalvelu.palloliitto.fi/match/4053676/lineups
4053676,FC Viikingit/S.C.P L,PK-35/Legendat,FC Viikingit/S.C.P L,77,Honkanen Tony,False,False,5,3,https://tulospalvelu.palloliitto.fi/match/4053676/lineups
4053676,FC Viikingit/S.C.P L,PK-35/Legendat,FC Viikingit/S.C.P L,81,Kunnas Riku,False,False,5,3,https://tulospalvelu.palloliitto.fi/match/4053676/lineups
4053676,FC Viikingit/S.C.P L,PK-35/Legendat,PK-35/Legendat,1,Moor Marlon,True,False,3,5,https://tulospalvelu.palloliitto.fi/match/4053676/lineups
4053676,FC Viikingit/S.C.P L,PK-35/Legendat,PK-35/Legendat,2,Puistola Niko,False,True,3,5,https://tulospalvelu.palloliitto.fi/match/4053676/lineups
4053676,FC Viikingit/S.C.P L,PK-35/Legendat,PK-35/Legendat,4,Kaukas Mathias,False,False,3,5,https://tulospalvelu.palloliitto.fi/match/4053676/lineups
4053676,FC Viikingit/S.C.P L,PK-35/Legendat,PK-35/Legendat,6,Khavari Alireza,False,False,3,5,https://tulospalvelu.palloliitto.fi/match/4053676/lineups
4053676,FC Viikingit/S.C.P L,PK-35/Legendat,PK-35/Legendat,9,Shafaei Abbas,False,False,3,5,https://tulospalvelu.palloliitto.fi/match/4053676/lineups
4053676,FC Viikingit/S.C.P L,PK-35/Legendat,PK-35/Legendat,10,Turunen Vaatu,False,False,3,5,https://tulospalvelu.palloliitto.fi/match/4053676/lineups
4053676,FC Viikingit/S.C.P L,PK-35/Legendat,PK-35/Legendat,12,Perevalov Boris,False,False,3,5,https://tulospalvelu.palloliitto.fi/match/4053676/lineups
4053676,FC Viikingit/S.C.P L,PK-35/Legendat,PK-35/Legendat,13,Rantasuomela Marko,False,False,3,5,https://tulospalvelu.palloliitto.fi/match/4053676/lineups
4053676,FC Viikingit/S.C.P L,PK-35/Legendat,PK-35/Legendat,14,Ehsan Ahmad Sodais,False,False,3,5,https://tulospalvelu.palloliitto.fi/match/4053676/lineups
4053676,FC Viikingit/S.C.P L,PK-35/Legendat,PK-35/Legendat,16,Shafaei Reza,False,False,3,5,https://tulospalvelu.palloliitto.fi/match/4053676/lineups
4053676,FC Viikingit/S.C.P L,PK-35/Legendat,PK-35/Legendat,19,Abubakar Aadil Nur,False,False,3,5,https://tulospalvelu.palloliitto.fi/match/4053676/lineups
4053676,FC Viikingit/S.C.P L,PK-35/Legendat,PK-35/Legendat,26,Villanen Lasse,False,False,3,5,https://tulospalvelu.palloliitto.fi/match/4053676/lineups
4053676,FC Viikingit/S.C.P L,PK-35/Legendat,PK-35/Legendat,28,Shafaei Sajad,False,False,3,5,https://tulospalvelu.palloliitto.fi/match/4053676/lineups
4053673,Ruila,VAMOL/Myyrmäki,Ruila,1,Kettunen Jukka,True,False,11,1,https://tulospalvelu.palloliitto.fi/match/4053673/lineups
4053673,Ruila,VAMOL/Myyrmäki,Ruila,2,Pitkänen Ville,False,False,11,1,https://tulospalvelu.palloliitto.fi/match/4053673/lineups
4053673,Ruila,VAMOL/Myyrmäki,Ruila,3,Virtanen Miska,False,False,11,1,https://tulospalvelu.palloliitto.fi/match/4053673/lineups
4053673,Ruila,VAMOL/Myyrmäki,Ruila,4,Hailikari Niki,False,False,11,1,https://tulospalvelu.palloliitto.fi/match/4053673/lineups
4053673,Ruila,VAMOL/Myyrmäki,Ruila,6,Virtanen Eemil,False,False,11,1,https://tulospalvelu.palloliitto.fi/match/4053673/lineups
4053673,Ruila,VAMOL/Myyrmäki,Ruila,10,Juutinen Jukka-Pekka,False,False,11,1,https://tulospalvelu.palloliitto.fi/match/4053673/lineups
4053673,Ruila,VAMOL/Myyrmäki,Ruila,11,Goman Niila,False,False,11,1,https://tulospalvelu.palloliitto.fi/match/4053673/lineups
4053673,Ruila,VAMOL/Myyrmäki,Ruila,13,Hakkarainen Pasi,False,True,11,1,https://tulospalvelu.palloliitto.fi/match/4053673/lineups
4053673,Ruila,VAMOL/Myyrmäki,Ruila,16,Puolakka Tommi,False,False,11,1,https://tulospalvelu.palloliitto.fi/match/4053673/lineups
4053673,Ruila,VAMOL/Myyrmäki,Ruila,18,Merta Aleksi,False,False,11,1,https://tulospalvelu.palloliitto.fi/match/4053673/lineups
4053673,Ruila,VAMOL/Myyrmäki,Ruila,20,Tenn Sebastian,False,False,11,1,https://tulospalvelu.palloliitto.fi/match/4053673/lineups
4053673,Ruila,VAMOL/Myyrmäki,Ruila,22,Koponen Eeli,False,False,11,1,https://tulospalvelu.palloliitto.fi/match/4053673/lineups
4053673,Ruila,VAMOL/Myyrmäki,Ruila,24,Viio Tomasz,False,False,11,1,https://tulospalvelu.palloliitto.fi/match/4053673/lineups
4053673,Ruila,VAMOL/Myyrmäki,Ruila,25,Väisänen Ari Tapio,False,False,11,1,https://tulospalvelu.palloliitto.fi/match/4053673/lineups
4053673,Ruila,VAMOL/Myyrmäki,Ruila,28,Paavilainen Jim,False,False,11,1,https://tulospalvelu.palloliitto.fi/match/4053673/lineups
4053673,Ruila,VAMOL/Myyrmäki,Ruila,29,Vahtola Oliver,False,False,11,1,https://tulospalvelu.palloliitto.fi/match/4053673/lineups
4053673,Ruila,VAMOL/Myyrmäki,Ruila,37,Kartano Sami,False,False,11,1,https://tulospalvelu.palloliitto.fi/match/4053673/lineups
4053673,Ruila,VAMOL/Myyrmäki,Ruila,88,Tallqvist Noel,False,False,11,1,https://tulospalvelu.palloliitto.fi/match/4053673/lineups
4053673,Ruila,VAMOL/Myyrmäki,VAMOL/Myyrmäki,3,Moalin-Elmi Khalid,True,False,1,11,https://tulospalvelu.palloliitto.fi/match/4053673/lineups
4053673,Ruila,VAMOL/Myyrmäki,VAMOL/Myyrmäki,2,Hassan Muad,False,False,1,11,https://tulospalvelu.palloliitto.fi/match/4053673/lineups
4053673,Ruila,VAMOL/Myyrmäki,VAMOL/Myyrmäki,4,Kalif Kalif Mohamed,False,True,1,11,https://tulospalvelu.palloliitto.fi/match/4053673/lineups
4053673,Ruila,VAMOL/Myyrmäki,VAMOL/Myyrmäki,5,Aybakar Muscab,False,False,1,11,https://tulospalvelu.palloliitto.fi/match/4053673/lineups
4053673,Ruila,VAMOL/Myyrmäki,VAMOL/Myyrmäki,7,Mohamed Jabir,False,False,1,11,https://tulospalvelu.palloliitto.fi/match/4053673/lineups
4053673,Ruila,VAMOL/Myyrmäki,VAMOL/Myyrmäki,8,Abdi Mohamed Jr,False,False,1,11,https://tulospalvelu.palloliitto.fi/match/4053673/lineups
4053673,Ruila,VAMOL/Myyrmäki,VAMOL/Myyrmäki,9,Ahmed Abdirahman,False,False,1,11,https://tulospalvelu.palloliitto.fi/match/4053673/lineups
4053673,Ruila,VAMOL/Myyrmäki,VAMOL/Myyrmäki,11,Said Mahamed,False,False,1,11,https://tulospalvelu.palloliitto.fi/match/4053673/lineups
4053673,Ruila,VAMOL/Myyrmäki,VAMOL/Myyrmäki,12,Hashi Abdirisaq,False,False,1,11,https://tulospalvelu.palloliitto.fi/match/4053673/lineups
4053673,Ruila,VAMOL/Myyrmäki,VAMOL/Myyrmäki,13,Yuusuf Ali,False,False,1,11,https://tulospalvelu.palloliitto.fi/match/4053673/lineups
4053673,Ruila,VAMOL/Myyrmäki,VAMOL/Myyrmäki,16,Yussuf Abdikhaliq,False,False,1,11,https://tulospalvelu.palloliitto.fi/match/4053673/lineups
4053673,Ruila,VAMOL/Myyrmäki,VAMOL/Myyrmäki,17,Hussein Saadsq,False,False,1,11,https://tulospalvelu.palloliitto.fi/match/4053673/lineups
4053673,Ruila,VAMOL/Myyrmäki,VAMOL/Myyrmäki,18,Ahmed Ahmed,False,False,1,11,https://tulospalvelu.palloliitto.fi/match/4053673/lineups
4053665,Trikiinit,VAMOL/Myyrmäki,Trikiinit,18,Toivonen Jaakko,True,True,3,1,https://tulospalvelu.palloliitto.fi/match/4053665/lineups
4053665,Trikiinit,VAMOL/Myyrmäki,Trikiinit,3,Nieminen Lauri,False,False,3,1,https://tulospalvelu.palloliitto.fi/match/4053665/lineups
4053665,Trikiinit,VAMOL/Myyrmäki,Trikiinit,4,Seppi Riku,False,False,3,1,https://tulospalvelu.palloliitto.fi/match/4053665/lineups
4053665,Trikiinit,VAMOL/Myyrmäki,Trikiinit,7,Owusu Kenneth,False,False,3,1,https://tulospalvelu.palloliitto.fi/match/4053665/lineups
4053665,Trikiinit,VAMOL/Myyrmäki,Trikiinit,9,Koivula Juho,False,False,3,1,https://tulospalvelu.palloliitto.fi/match/4053665/lineups
4053665,Trikiinit,VAMOL/Myyrmäki,Trikiinit,11,Wahlman Jere,False,False,3,1,https://tulospalvelu.palloliitto.fi/match/4053665/lineups
4053665,Trikiinit,VAMOL/Myyrmäki,Trikiinit,12,Kyyrä Tomi,False,False,3,1,https://tulospalvelu.palloliitto.fi/match/4053665/lineups
4053665,Trikiinit,VAMOL/Myyrmäki,Trikiinit,13,Eklund Mikael,False,False,3,1,https://tulospalvelu.palloliitto.fi/match/4053665/lineups
4053665,Trikiinit,VAMOL/Myyrmäki,Trikiinit,14,Theo Auer,False,False,3,1,https://tulospalvelu.palloliitto.fi/match/4053665/lineups
4053665,Trikiinit,VAMOL/Myyrmäki,Trikiinit,15,Pulliainen Joel,False,False,3,1,https://tulospalvelu.palloliitto.fi/match/4053665/lineups
4053665,Trikiinit,VAMOL/Myyrmäki,Trikiinit,16,Vikström Valtteri,False,False,3,1,https://tulospalvelu.palloliitto.fi/match/4053665/lineups
4053665,Trikiinit,VAMOL/Myyrmäki,Trikiinit,20,Mether Mikael,False,False,3,1,https://tulospalvelu.palloliitto.fi/match/4053665/lineups
4053665,Trikiinit,VAMOL/Myyrmäki,Trikiinit,21,Winberg Matias,False,False,3,1,https://tulospalvelu.palloliitto.fi/match/4053665/lineups
4053665,Trikiinit,VAMOL/Myyrmäki,Trikiinit,29,Winberg Joni,False,False,3,1,https://tulospalvelu.palloliitto.fi/match/4053665/lineups
4053665,Trikiinit,VAMOL/Myyrmäki,Trikiinit,30,Laasonen Mikko,False,False,3,1,https://tulospalvelu.palloliitto.fi/match/4053665/lineups
4053665,Trikiinit,VAMOL/Myyrmäki,Trikiinit,31,Parviainen Roope-Jussi,False,False,3,1,https://tulospalvelu.palloliitto.fi/match/4053665/lineups
4053665,Trikiinit,VAMOL/Myyrmäki,VAMOL/Myyrmäki,1,Sharmake Yusuf,True,True,1,3,https://tulospalvelu.palloliitto.fi/match/4053665/lineups
4053665,Trikiinit,VAMOL/Myyrmäki,VAMOL/Myyrmäki,2,Hassan Muad,False,False,1,3,https://tulospalvelu.palloliitto.fi/match/4053665/lineups
4053665,Trikiinit,VAMOL/Myyrmäki,VAMOL/Myyrmäki,3,Moalin-Elmi Khalid,False,False,1,3,https://tulospalvelu.palloliitto.fi/match/4053665/lineups
4053665,Trikiinit,VAMOL/Myyrmäki,VAMOL/Myyrmäki,5,Aybakar Muscab,False,False,1,3,https://tulospalvelu.palloliitto.fi/match/4053665/lineups
4053665,Trikiinit,VAMOL/Myyrmäki,VAMOL/Myyrmäki,7,Mohamed Jabir,False,False,1,3,https://tulospalvelu.palloliitto.fi/match/4053665/lineups
4053665,Trikiinit,VAMOL/Myyrmäki,VAMOL/Myyrmäki,8,Abdi Mohamed Jr,False,False,1,3,https://tulospalvelu.palloliitto.fi/match/4053665/lineups
4053665,Trikiinit,VAMOL/Myyrmäki,VAMOL/Myyrmäki,9,Ahmed Abdirahman,False,False,1,3,https://tulospalvelu.palloliitto.fi/match/4053665/lineups
4053665,Trikiinit,VAMOL/Myyrmäki,VAMOL/Myyrmäki,10,Mohammed Abdirahman Ahmed,False,False,1,3,https://tulospalvelu.palloliitto.fi/match/4053665/lineups
4053665,Trikiinit,VAMOL/Myyrmäki,VAMOL/Myyrmäki,11,Said Mahamed,False,False,1,3,https://tulospalvelu.palloliitto.fi/match/4053665/lineups
4053665,Trikiinit,VAMOL/Myyrmäki,VAMOL/Myyrmäki,12,Hashi Abdirisaq,False,False,1,3,https://tulospalvelu.palloliitto.fi/match/4053665/lineups
4053665,Trikiinit,VAMOL/Myyrmäki,VAMOL/Myyrmäki,13,Yuusuf Ali,False,False,1,3,https://tulospalvelu.palloliitto.fi/match/4053665/lineups
4053665,Trikiinit,VAMOL/Myyrmäki,VAMOL/Myyrmäki,16,Yussuf Abdikhaliq,False,False,1,3,https://tulospalvelu.palloliitto.fi/match/4053665/lineups
4053665,Trikiinit,VAMOL/Myyrmäki,VAMOL/Myyrmäki,17,Hussein Saadsq,False,False,1,3,https://tulospalvelu.palloliitto.fi/match/4053665/lineups
4053667,FC Viikingit/S.C.P L,Ruila,FC Viikingit/S.C.P L,4,Vasara Pekka,True,False,2,1,https://tulospalvelu.palloliitto.fi/match/4053667/lineups
4053667,FC Viikingit/S.C.P L,Ruila,FC Viikingit/S.C.P L,1,Virtanen Riku,False,False,2,1,https://tulospalvelu.palloliitto.fi/match/4053667/lineups
4053667,FC Viikingit/S.C.P L,Ruila,FC Viikingit/S.C.P L,2,Freden Toni,False,False,2,1,https://tulospalvelu.palloliitto.fi/match/4053667/lineups
4053667,FC Viikingit/S.C.P L,Ruila,FC Viikingit/S.C.P L,6,Akyun Siyamet,False,False,2,1,https://tulospalvelu.palloliitto.fi/match/4053667/lineups
4053667,FC Viikingit/S.C.P L,Ruila,FC Viikingit/S.C.P L,7,Rauhala Jarkko,False,False,2,1,https://tulospalvelu.palloliitto.fi/match/4053667/lineups
4053667,FC Viikingit/S.C.P L,Ruila,FC Viikingit/S.C.P L,8,Piekiäinen Vesa,False,False,2,1,https://tulospalvelu.palloliitto.fi/match/4053667/lineups
4053667,FC Viikingit/S.C.P L,Ruila,FC Viikingit/S.C.P L,11,Simula Kristoffer,False,False,2,1,https://tulospalvelu.palloliitto.fi/match/4053667/lineups
4053667,FC Viikingit/S.C.P L,Ruila,FC Viikingit/S.C.P L,19,Freden Niko,False,False,2,1,https://tulospalvelu.palloliitto.fi/match/4053667/lineups
4053667,FC Viikingit/S.C.P L,Ruila,FC Viikingit/S.C.P L,20,Honkanen Tony,False,False,2,1,https://tulospalvelu.palloliitto.fi/match/4053667/lineups
4053667,FC Viikingit/S.C.P L,Ruila,FC Viikingit/S.C.P L,21,Blomqvist Niclas,False,False,2,1,https://tulospalvelu.palloliitto.fi/match/4053667/lineups
4053667,FC Viikingit/S.C.P L,Ruila,FC Viikingit/S.C.P L,22,David Nadav,False,False,2,1,https://tulospalvelu.palloliitto.fi/match/4053667/lineups
4053667,FC Viikingit/S.C.P L,Ruila,FC Viikingit/S.C.P L,44,Kunnas Jere,False,False,2,1,https://tulospalvelu.palloliitto.fi/match/4053667/lineups
4053667,FC Viikingit/S.C.P L,Ruila,FC Viikingit/S.C.P L,77,Kunnas Riku,False,False,2,1,https://tulospalvelu.palloliitto.fi/match/4053667/lineups
4053667,FC Viikingit/S.C.P L,Ruila,FC Viikingit/S.C.P L,81,Kujama Jukka,False,False,2,1,https://tulospalvelu.palloliitto.fi/match/4053667/lineups
4053667,FC Viikingit/S.C.P L,Ruila,Ruila,1,Kettunen Jukka,True,False,1,2,https://tulospalvelu.palloliitto.fi/match/4053667/lineups
4053667,FC Viikingit/S.C.P L,Ruila,Ruila,2,Pitkänen Ville,False,False,1,2,https://tulospalvelu.palloliitto.fi/match/4053667/lineups
4053667,FC Viikingit/S.C.P L,Ruila,Ruila,3,Virtanen Miska,False,False,1,2,https://tulospalvelu.palloliitto.fi/match/4053667/lineups
4053667,FC Viikingit/S.C.P L,Ruila,Ruila,4,Hailikari Niki,False,False,1,2,https://tulospalvelu.palloliitto.fi/match/4053667/lineups
4053667,FC Viikingit/S.C.P L,Ruila,Ruila,6,Virtanen Eemil,False,False,1,2,https://tulospalvelu.palloliitto.fi/match/4053667/lineups
4053667,FC Viikingit/S.C.P L,Ruila,Ruila,10,Juutinen Jukka-Pekka,False,False,1,2,https://tulospalvelu.palloliitto.fi/match/4053667/lineups
4053667,FC Viikingit/S.C.P L,Ruila,Ruila,11,Goman Niila,False,False,1,2,https://tulospalvelu.palloliitto.fi/match/4053667/lineups
4053667,FC Viikingit/S.C.P L,Ruila,Ruila,13,Hakkarainen Pasi,False,True,1,2,https://tulospalvelu.palloliitto.fi/match/4053667/lineups
4053667,FC Viikingit/S.C.P L,Ruila,Ruila,18,Merta Aleksi,False,False,1,2,https://tulospalvelu.palloliitto.fi/match/4053667/lineups
4053667,FC Viikingit/S.C.P L,Ruila,Ruila,22,Koponen Eeli,False,False,1,2,https://tulospalvelu.palloliitto.fi/match/4053667/lineups
4053667,FC Viikingit/S.C.P L,Ruila,Ruila,25,Väisänen Ari Tapio,False,False,1,2,https://tulospalvelu.palloliitto.fi/match/4053667/lineups
4053667,FC Viikingit/S.C.P L,Ruila,Ruila,26,Klockars Otto,False,False,1,2,https://tulospalvelu.palloliitto.fi/match/4053667/lineups
4053667,FC Viikingit/S.C.P L,Ruila,Ruila,28,Paavilainen Jim,False,False,1,2,https://tulospalvelu.palloliitto.fi/match/4053667/lineups
4053667,FC Viikingit/S.C.P L,Ruila,Ruila,29,Vahtola Oliver,False,False,1,2,https://tulospalvelu.palloliitto.fi/match/4053667/lineups
4053667,FC Viikingit/S.C.P L,Ruila,Ruila,37,Kartano Sami,False,False,1,2,https://tulospalvelu.palloliitto.fi/match/4053667/lineups
4053667,FC Viikingit/S.C.P L,Ruila,Ruila,40,Keino Niko Akseli,False,False,1,2,https://tulospalvelu.palloliitto.fi/match/4053667/lineups
4053667,FC Viikingit/S.C.P L,Ruila,Ruila,42,Ärilä Niklas,False,False,1,2,https://tulospalvelu.palloliitto.fi/match/4053667/lineups
4053667,FC Viikingit/S.C.P L,Ruila,Ruila,88,Tallqvist Noel,False,False,1,2,https://tulospalvelu.palloliitto.fi/match/4053667/lineups
4053671,Scorpions,Trikiinit,Scorpions,1,Jarju Lamin,True,False,5,1,https://tulospalvelu.palloliitto.fi/match/4053671/lineups
4053671,Scorpions,Trikiinit,Scorpions,9,Dampha Nfamara,True,False,5,1,https://tulospalvelu.palloliitto.fi/match/4053671/lineups
4053671,Scorpions,Trikiinit,Scorpions,11,Joof Abdoukarim,True,False,5,1,https://tulospalvelu.palloliitto.fi/match/4053671/lineups
4053671,Scorpions,Trikiinit,Scorpions,2,Jobe Maceesay,False,False,5,1,https://tulospalvelu.palloliitto.fi/match/4053671/lineups
4053671,Scorpions,Trikiinit,Scorpions,3,Gaye Haruna,False,False,5,1,https://tulospalvelu.palloliitto.fi/match/4053671/lineups
4053671,Scorpions,Trikiinit,Scorpions,4,Manneh Ousman,False,False,5,1,https://tulospalvelu.palloliitto.fi/match/4053671/lineups
4053671,Scorpions,Trikiinit,Scorpions,5,Jabbie Mbemba,False,False,5,1,https://tulospalvelu.palloliitto.fi/match/4053671/lineups
4053671,Scorpions,Trikiinit,Scorpions,7,Sonko Bubacarr,False,False,5,1,https://tulospalvelu.palloliitto.fi/match/4053671/lineups
4053671,Scorpions,Trikiinit,Scorpions,8,Suso Mba,False,False,5,1,https://tulospalvelu.palloliitto.fi/match/4053671/lineups
4053671,Scorpions,Trikiinit,Scorpions,10,Gibba Buba,False,True,5,1,https://tulospalvelu.palloliitto.fi/match/4053671/lineups
4053671,Scorpions,Trikiinit,Scorpions,12,Corr Muhammed,False,False,5,1,https://tulospalvelu.palloliitto.fi/match/4053671/lineups
4053671,Scorpions,Trikiinit,Scorpions,13,Ebrima Sillah,False,False,5,1,https://tulospalvelu.palloliitto.fi/match/4053671/lineups
4053671,Scorpions,Trikiinit,Scorpions,14,Camara Dukara Malamin,False,False,5,1,https://tulospalvelu.palloliitto.fi/match/4053671/lineups
4053671,Scorpions,Trikiinit,Scorpions,15,Jammeh Adama,False,False,5,1,https://tulospalvelu.palloliitto.fi/match/4053671/lineups
4053671,Scorpions,Trikiinit,Scorpions,16,Bah Yerro,False,False,5,1,https://tulospalvelu.palloliitto.fi/match/4053671/lineups
4053671,Scorpions,Trikiinit,Scorpions,17,Camara Habibou,False,False,5,1,https://tulospalvelu.palloliitto.fi/match/4053671/lineups
4053671,Scorpions,Trikiinit,Scorpions,18,Sillah Famara,False,False,5,1,https://tulospalvelu.palloliitto.fi/match/4053671/lineups
4053671,Scorpions,Trikiinit,Scorpions,19,Bajo Sheriff,False,False,5,1,https://tulospalvelu.palloliitto.fi/match/4053671/lineups
4053671,Scorpions,Trikiinit,Scorpions,20,Beyai Lamin,False,False,5,1,https://tulospalvelu.palloliitto.fi/match/4053671/lineups
4053671,Scorpions,Trikiinit,Scorpions,21,Baio Lamin K.,False,False,5,1,https://tulospalvelu.palloliitto.fi/match/4053671/lineups
4053671,Scorpions,Trikiinit,Scorpions,22,Danso Omar,False,False,5,1,https://tulospalvelu.palloliitto.fi/match/4053671/lineups
4053671,Scorpions,Trikiinit,Scorpions,23,Joof Lamin,False,False,5,1,https://tulospalvelu.palloliitto.fi/match/4053671/lineups
4053671,Scorpions,Trikiinit,Scorpions,24,Manjang Bubacarr,False,False,5,1,https://tulospalvelu.palloliitto.fi/match/4053671/lineups
4053671,Scorpions,Trikiinit,Scorpions,25,Manneh Sarjo,False,False,5,1,https://tulospalvelu.palloliitto.fi/match/4053671/lineups
4053671,Scorpions,Trikiinit,Scorpions,26,Pa Modou Sarr,False,False,5,1,https://tulospalvelu.palloliitto.fi/match/4053671/lineups
4053671,Scorpions,Trikiinit,Scorpions,27,Touray Modou (Omar),False,False,5,1,https://tulospalvelu.palloliitto.fi/match/4053671/lineups
4053671,Scorpions,Trikiinit,Scorpions,28,Kebe Kawusu,False,False,5,1,https://tulospalvelu.palloliitto.fi/match/4053671/lineups
4053671,Scorpions,Trikiinit,Trikiinit,18,Toivonen Jaakko,True,True,1,5,https://tulospalvelu.palloliitto.fi/match/4053671/lineups
4053671,Scorpions,Trikiinit,Trikiinit,3,Nieminen Lauri,False,False,1,5,https://tulospalvelu.palloliitto.fi/match/4053671/lineups
4053671,Scorpions,Trikiinit,Trikiinit,4,Seppi Riku,False,False,1,5,https://tulospalvelu.palloliitto.fi/match/4053671/lineups
4053671,Scorpions,Trikiinit,Trikiinit,5,Vattulainen Taisto,False,False,1,5,https://tulospalvelu.palloliitto.fi/match/4053671/lineups
4053671,Scorpions,Trikiinit,Trikiinit,7,Owusu Kenneth,False,False,1,5,https://tulospalvelu.palloliitto.fi/match/4053671/lineups
4053671,Scorpions,Trikiinit,Trikiinit,10,Asikainen Topi,False,False,1,5,https://tulospalvelu.palloliitto.fi/match/4053671/lineups
4053671,Scorpions,Trikiinit,Trikiinit,11,Wahlman Jere,False,False,1,5,https://tulospalvelu.palloliitto.fi/match/4053671/lineups
4053671,Scorpions,Trikiinit,Trikiinit,12,Kyyrä Tomi,False,False,1,5,https://tulospalvelu.palloliitto.fi/match/4053671/lineups
4053671,Scorpions,Trikiinit,Trikiinit,13,Eklund Mikael,False,False,1,5,https://tulospalvelu.palloliitto.fi/match/4053671/lineups
4053671,Scorpions,Trikiinit,Trikiinit,14,Theo Auer,False,False,1,5,https://tulospalvelu.palloliitto.fi/match/4053671/lineups
4053671,Scorpions,Trikiinit,Trikiinit,15,Pulliainen Joel,False,False,1,5,https://tulospalvelu.palloliitto.fi/match/4053671/lineups
4053671,Scorpions,Trikiinit,Trikiinit,16,Vikström Valtteri,False,False,1,5,https://tulospalvelu.palloliitto.fi/match/4053671/lineups
4053671,Scorpions,Trikiinit,Trikiinit,20,Mether Mikael,False,False,1,5,https://tulospalvelu.palloliitto.fi/match/4053671/lineups
4053671,Scorpions,Trikiinit,Trikiinit,23,Mohamed Mohamud,False,False,1,5,https://tulospalvelu.palloliitto.fi/match/4053671/lineups
4053671,Scorpions,Trikiinit,Trikiinit,27,Asikainen Raimo,False,False,1,5,https://tulospalvelu.palloliitto.fi/match/4053671/lineups
4053671,Scorpions,Trikiinit,Trikiinit,29,Winberg Joni,False,False,1,5,https://tulospalvelu.palloliitto.fi/match/4053671/lineups
4053671,Scorpions,Trikiinit,Trikiinit,31,Parviainen Roope-Jussi,False,False,1,5,https://tulospalvelu.palloliitto.fi/match/4053671/lineups
4053672,VAMOL/Myyrmäki,Ariana FC,VAMOL/Myyrmäki,3,Moalin-Elmi Khalid,True,False,4,1,https://tulospalvelu.palloliitto.fi/match/4053672/lineups
4053672,VAMOL/Myyrmäki,Ariana FC,VAMOL/Myyrmäki,2,Hassan Muad,False,False,4,1,https://tulospalvelu.palloliitto.fi/match/4053672/lineups
4053672,VAMOL/Myyrmäki,Ariana FC,VAMOL/Myyrmäki,4,Kalif Kalif Mohamed,False,True,4,1,https://tulospalvelu.palloliitto.fi/match/4053672/lineups
4053672,VAMOL/Myyrmäki,Ariana FC,VAMOL/Myyrmäki,5,Aybakar Muscab,False,False,4,1,https://tulospalvelu.palloliitto.fi/match/4053672/lineups
4053672,VAMOL/Myyrmäki,Ariana FC,VAMOL/Myyrmäki,7,Mohamed Jabir,False,False,4,1,https://tulospalvelu.palloliitto.fi/match/4053672/lineups
4053672,VAMOL/Myyrmäki,Ariana FC,VAMOL/Myyrmäki,8,Abdi Mohamed Jr,False,False,4,1,https://tulospalvelu.palloliitto.fi/match/4053672/lineups
4053672,VAMOL/Myyrmäki,Ariana FC,VAMOL/Myyrmäki,9,Ahmed Abdirahman,False,False,4,1,https://tulospalvelu.palloliitto.fi/match/4053672/lineups
4053672,VAMOL/Myyrmäki,Ariana FC,VAMOL/Myyrmäki,10,Mohammed Abdirahman Ahmed,False,False,4,1,https://tulospalvelu.palloliitto.fi/match/4053672/lineups
4053672,VAMOL/Myyrmäki,Ariana FC,VAMOL/Myyrmäki,11,Said Mahamed,False,False,4,1,https://tulospalvelu.palloliitto.fi/match/4053672/lineups
4053672,VAMOL/Myyrmäki,Ariana FC,VAMOL/Myyrmäki,12,Hashi Abdirisaq,False,False,4,1,https://tulospalvelu.palloliitto.fi/match/4053672/lineups
4053672,VAMOL/Myyrmäki,Ariana FC,VAMOL/Myyrmäki,13,Yuusuf Ali,False,False,4,1,https://tulospalvelu.palloliitto.fi/match/4053672/lineups
4053672,VAMOL/Myyrmäki,Ariana FC,VAMOL/Myyrmäki,16,Yussuf Abdikhaliq,False,False,4,1,https://tulospalvelu.palloliitto.fi/match/4053672/lineups
4053672,VAMOL/Myyrmäki,Ariana FC,VAMOL/Myyrmäki,17,Hussein Saadsq,False,False,4,1,https://tulospalvelu.palloliitto.fi/match/4053672/lineups
4053672,VAMOL/Myyrmäki,Ariana FC,VAMOL/Myyrmäki,18,Ahmed Ahmed,False,False,4,1,https://tulospalvelu.palloliitto.fi/match/4053672/lineups
4053672,VAMOL/Myyrmäki,Ariana FC,Ariana FC,1,Hämäläinen Tero,True,False,1,4,https://tulospalvelu.palloliitto.fi/match/4053672/lineups
4053672,VAMOL/Myyrmäki,Ariana FC,Ariana FC,4,Sharifi Farhad,False,False,1,4,https://tulospalvelu.palloliitto.fi/match/4053672/lineups
4053672,VAMOL/Myyrmäki,Ariana FC,Ariana FC,5,Saeidi Seyyed Morteza,False,False,1,4,https://tulospalvelu.palloliitto.fi/match/4053672/lineups
4053672,VAMOL/Myyrmäki,Ariana FC,Ariana FC,7,Javad Ahmadi,False,False,1,4,https://tulospalvelu.palloliitto.fi/match/4053672/lineups
4053672,VAMOL/Myyrmäki,Ariana FC,Ariana FC,8,Ahmadi Omid,False,False,1,4,https://tulospalvelu.palloliitto.fi/match/4053672/lineups
4053672,VAMOL/Myyrmäki,Ariana FC,Ariana FC,9,Rassouli Ali,False,False,1,4,https://tulospalvelu.palloliitto.fi/match/4053672/lineups
4053672,VAMOL/Myyrmäki,Ariana FC,Ariana FC,10,Razm Rama,False,False,1,4,https://tulospalvelu.palloliitto.fi/match/4053672/lineups
4053672,VAMOL/Myyrmäki,Ariana FC,Ariana FC,11,Mohammad Tajik,False,False,1,4,https://tulospalvelu.palloliitto.fi/match/4053672/lineups
4053672,VAMOL/Myyrmäki,Ariana FC,Ariana FC,17,Ahmedi Ahmed,False,False,1,4,https://tulospalvelu.palloliitto.fi/match/4053672/lineups
4053672,VAMOL/Myyrmäki,Ariana FC,Ariana FC,20,Ghorbani Alex,False,False,1,4,https://tulospalvelu.palloliitto.fi/match/4053672/lineups
4053672,VAMOL/Myyrmäki,Ariana FC,Ariana FC,23,Pirveisi Mohammedreza,False,False,1,4,https://tulospalvelu.palloliitto.fi/match/4053672/lineups
4053672,VAMOL/Myyrmäki,Ariana FC,Ariana FC,88,Moslehipour Saleh,False,False,1,4,https://tulospalvelu.palloliitto.fi/match/4053672/lineups
4053672,VAMOL/Myyrmäki,Ariana FC,Ariana FC,90,Hafaz Musa,False,False,1,4,https://tulospalvelu.palloliitto.fi/match/4053672/lineups
4053672,VAMOL/Myyrmäki,Ariana FC,Ariana FC,99,Sharifi Farshad,False,False,1,4,https://tulospalvelu.palloliitto.fi/match/4053672/lineups
4053669,MK United/Warriors,FC Viikingit/S.C.P L,MK United/Warriors,1,Nousiainen Tuukka,True,False,2,0,https://tulospalvelu.palloliitto.fi/match/4053669/lineups
4053669,MK United/Warriors,FC Viikingit/S.C.P L,MK United/Warriors,2,Elmi Mohamed,False,False,2,0,https://tulospalvelu.palloliitto.fi/match/4053669/lineups
4053669,MK United/Warriors,FC Viikingit/S.C.P L,MK United/Warriors,4,Jusufi Ermal,False,False,2,0,https://tulospalvelu.palloliitto.fi/match/4053669/lineups
4053669,MK United/Warriors,FC Viikingit/S.C.P L,MK United/Warriors,6,Najat Mid,False,False,2,0,https://tulospalvelu.palloliitto.fi/match/4053669/lineups
4053669,MK United/Warriors,FC Viikingit/S.C.P L,MK United/Warriors,7,Hamunen Ville,False,False,2,0,https://tulospalvelu.palloliitto.fi/match/4053669/lineups
4053669,MK United/Warriors,FC Viikingit/S.C.P L,MK United/Warriors,8,Hyppönen Ilmari,False,False,2,0,https://tulospalvelu.palloliitto.fi/match/4053669/lineups
4053669,MK United/Warriors,FC Viikingit/S.C.P L,MK United/Warriors,9,Nguyen Anh Khanh,False,False,2,0,https://tulospalvelu.palloliitto.fi/match/4053669/lineups
4053669,MK United/Warriors,FC Viikingit/S.C.P L,MK United/Warriors,10,Amon Filandson,False,False,2,0,https://tulospalvelu.palloliitto.fi/match/4053669/lineups
4053669,MK United/Warriors,FC Viikingit/S.C.P L,MK United/Warriors,12,Karppinen Konsta,False,False,2,0,https://tulospalvelu.palloliitto.fi/match/4053669/lineups
4053669,MK United/Warriors,FC Viikingit/S.C.P L,MK United/Warriors,15,Ramadani Muhamed,False,False,2,0,https://tulospalvelu.palloliitto.fi/match/4053669/lineups
4053669,MK United/Warriors,FC Viikingit/S.C.P L,MK United/Warriors,16,Kryeziu Perparim,False,False,2,0,https://tulospalvelu.palloliitto.fi/match/4053669/lineups
4053669,MK United/Warriors,FC Viikingit/S.C.P L,MK United/Warriors,17,Wetu Benjamin,False,False,2,0,https://tulospalvelu.palloliitto.fi/match/4053669/lineups
4053669,MK United/Warriors,FC Viikingit/S.C.P L,MK United/Warriors,18,Yusuf Yasiin,False,False,2,0,https://tulospalvelu.palloliitto.fi/match/4053669/lineups
4053669,MK United/Warriors,FC Viikingit/S.C.P L,MK United/Warriors,20,Landu Zoe,False,False,2,0,https://tulospalvelu.palloliitto.fi/match/4053669/lineups
4053669,MK United/Warriors,FC Viikingit/S.C.P L,MK United/Warriors,21,Egal Ahmed Osman,False,False,2,0,https://tulospalvelu.palloliitto.fi/match/4053669/lineups
4053669,MK United/Warriors,FC Viikingit/S.C.P L,FC Viikingit/S.C.P L,1,Virtanen Riku,True,False,0,2,https://tulospalvelu.palloliitto.fi/match/4053669/lineups
4053669,MK United/Warriors,FC Viikingit/S.C.P L,FC Viikingit/S.C.P L,2,Freden Toni,False,False,0,2,https://tulospalvelu.palloliitto.fi/match/4053669/lineups
4053669,MK United/Warriors,FC Viikingit/S.C.P L,FC Viikingit/S.C.P L,5,Niemenmaa Janne,False,False,0,2,https://tulospalvelu.palloliitto.fi/match/4053669/lineups
4053669,MK United/Warriors,FC Viikingit/S.C.P L,FC Viikingit/S.C.P L,6,Akyun Siyamet,False,False,0,2,https://tulospalvelu.palloliitto.fi/match/4053669/lineups
4053669,MK United/Warriors,FC Viikingit/S.C.P L,FC Viikingit/S.C.P L,7,Rauhala Jarkko,False,False,0,2,https://tulospalvelu.palloliitto.fi/match/4053669/lineups
4053669,MK United/Warriors,FC Viikingit/S.C.P L,FC Viikingit/S.C.P L,8,Piekiäinen Vesa,False,False,0,2,https://tulospalvelu.palloliitto.fi/match/4053669/lineups
4053669,MK United/Warriors,FC Viikingit/S.C.P L,FC Viikingit/S.C.P L,9,Tiensuu Mika,False,False,0,2,https://tulospalvelu.palloliitto.fi/match/4053669/lineups
4053669,MK United/Warriors,FC Viikingit/S.C.P L,FC Viikingit/S.C.P L,11,Honkanen Tony,False,False,0,2,https://tulospalvelu.palloliitto.fi/match/4053669/lineups
4053669,MK United/Warriors,FC Viikingit/S.C.P L,FC Viikingit/S.C.P L,12,Kujama Jukka,False,False,0,2,https://tulospalvelu.palloliitto.fi/match/4053669/lineups
4053669,MK United/Warriors,FC Viikingit/S.C.P L,FC Viikingit/S.C.P L,19,Freden Niko,False,False,0,2,https://tulospalvelu.palloliitto.fi/match/4053669/lineups
4053669,MK United/Warriors,FC Viikingit/S.C.P L,FC Viikingit/S.C.P L,20,Laaksonen Iiro,False,False,0,2,https://tulospalvelu.palloliitto.fi/match/4053669/lineups
4053669,MK United/Warriors,FC Viikingit/S.C.P L,FC Viikingit/S.C.P L,21,Kunnas Riku,False,False,0,2,https://tulospalvelu.palloliitto.fi/match/4053669/lineups
4053669,MK United/Warriors,FC Viikingit/S.C.P L,FC Viikingit/S.C.P L,81,Forsten Jonne,False,False,0,2,https://tulospalvelu.palloliitto.fi/match/4053669/lineups
4053670,PK-35/Legendat,Ruila,PK-35/Legendat,1,Moor Marlon,True,False,0,1,https://tulospalvelu.palloliitto.fi/match/4053670/lineups
4053670,PK-35/Legendat,Ruila,PK-35/Legendat,44,Lehtelä Anssi,True,False,0,1,https://tulospalvelu.palloliitto.fi/match/4053670/lineups
4053670,PK-35/Legendat,Ruila,PK-35/Legendat,2,Puistola Niko,False,False,0,1,https://tulospalvelu.palloliitto.fi/match/4053670/lineups
4053670,PK-35/Legendat,Ruila,PK-35/Legendat,3,Miguel Michael,False,False,0,1,https://tulospalvelu.palloliitto.fi/match/4053670/lineups
4053670,PK-35/Legendat,Ruila,PK-35/Legendat,4,Stenros Max,False,False,0,1,https://tulospalvelu.palloliitto.fi/match/4053670/lineups
4053670,PK-35/Legendat,Ruila,PK-35/Legendat,6,Khavari Alireza,False,False,0,1,https://tulospalvelu.palloliitto.fi/match/4053670/lineups
4053670,PK-35/Legendat,Ruila,PK-35/Legendat,12,Perevalov Boris,False,False,0,1,https://tulospalvelu.palloliitto.fi/match/4053670/lineups
4053670,PK-35/Legendat,Ruila,PK-35/Legendat,17,Kumpula Ilmari,False,False,0,1,https://tulospalvelu.palloliitto.fi/match/4053670/lineups
4053670,PK-35/Legendat,Ruila,PK-35/Legendat,21,Sardis Karhunen Aleksi,False,False,0,1,https://tulospalvelu.palloliitto.fi/match/4053670/lineups
4053670,PK-35/Legendat,Ruila,PK-35/Legendat,23,Häkkinen Leo,False,False,0,1,https://tulospalvelu.palloliitto.fi/match/4053670/lineups
4053670,PK-35/Legendat,Ruila,PK-35/Legendat,25,Hussein Abduljabar,False,False,0,1,https://tulospalvelu.palloliitto.fi/match/4053670/lineups
4053670,PK-35/Legendat,Ruila,PK-35/Legendat,32,Dag Henrik,False,False,0,1,https://tulospalvelu.palloliitto.fi/match/4053670/lineups
4053670,PK-35/Legendat,Ruila,PK-35/Legendat,33,Toiviainen Antti,False,False,0,1,https://tulospalvelu.palloliitto.fi/match/4053670/lineups
4053670,PK-35/Legendat,Ruila,PK-35/Legendat,34,Kaukas Mathias,False,True,0,1,https://tulospalvelu.palloliitto.fi/match/4053670/lineups
4053670,PK-35/Legendat,Ruila,PK-35/Legendat,35,Keinan Farhan,False,False,0,1,https://tulospalvelu.palloliitto.fi/match/4053670/lineups
4053670,PK-35/Legendat,Ruila,PK-35/Legendat,52,Rilasmaa Nicholas,False,False,0,1,https://tulospalvelu.palloliitto.fi/match/4053670/lineups
4053670,PK-35/Legendat,Ruila,PK-35/Legendat,81,Ehsan Ahmad Sodais,False,False,0,1,https://tulospalvelu.palloliitto.fi/match/4053670/lineups
4053670,PK-35/Legendat,Ruila,PK-35/Legendat,97,Jibril Abdilahi Mohammed,False,False,0,1,https://tulospalvelu.palloliitto.fi/match/4053670/lineups
4053670,PK-35/Legendat,Ruila,Ruila,1,Kettunen Jukka,True,False,1,0,https://tulospalvelu.palloliitto.fi/match/4053670/lineups
4053670,PK-35/Legendat,Ruila,Ruila,2,Pitkänen Ville,False,False,1,0,https://tulospalvelu.palloliitto.fi/match/4053670/lineups
4053670,PK-35/Legendat,Ruila,Ruila,3,Virtanen Miska,False,False,1,0,https://tulospalvelu.palloliitto.fi/match/4053670/lineups
4053670,PK-35/Legendat,Ruila,Ruila,4,Hailikari Niki,False,False,1,0,https://tulospalvelu.palloliitto.fi/match/4053670/lineups
4053670,PK-35/Legendat,Ruila,Ruila,10,Juutinen Jukka-Pekka,False,False,1,0,https://tulospalvelu.palloliitto.fi/match/4053670/lineups
4053670,PK-35/Legendat,Ruila,Ruila,11,Virtanen Eemil,False,False,1,0,https://tulospalvelu.palloliitto.fi/match/4053670/lineups
4053670,PK-35/Legendat,Ruila,Ruila,13,Hakkarainen Pasi,False,True,1,0,https://tulospalvelu.palloliitto.fi/match/4053670/lineups
4053670,PK-35/Legendat,Ruila,Ruila,20,Tenn Sebastian,False,False,1,0,https://tulospalvelu.palloliitto.fi/match/4053670/lineups
4053670,PK-35/Legendat,Ruila,Ruila,22,Koponen Eeli,False,False,1,0,https://tulospalvelu.palloliitto.fi/match/4053670/lineups
4053670,PK-35/Legendat,Ruila,Ruila,25,Väisänen Ari Tapio,False,False,1,0,https://tulospalvelu.palloliitto.fi/match/4053670/lineups
4053670,PK-35/Legendat,Ruila,Ruila,28,Paavilainen Jim,False,False,1,0,https://tulospalvelu.palloliitto.fi/match/4053670/lineups
4053670,PK-35/Legendat,Ruila,Ruila,29,Vahtola Oliver,False,False,1,0,https://tulospalvelu.palloliitto.fi/match/4053670/lineups
4053670,PK-35/Legendat,Ruila,Ruila,37,Kartano Sami,False,False,1,0,https://tulospalvelu.palloliitto.fi/match/4053670/lineups
4053670,PK-35/Legendat,Ruila,Ruila,38,Sadiku Diard,False,False,1,0,https://tulospalvelu.palloliitto.fi/match/4053670/lineups
4053670,PK-35/Legendat,Ruila,Ruila,40,Keino Niko Akseli,False,False,1,0,https://tulospalvelu.palloliitto.fi/match/4053670/lineups
4053670,PK-35/Legendat,Ruila,Ruila,41,Kitula Pyry,False,False,1,0,https://tulospalvelu.palloliitto.fi/match/4053670/lineups
4053670,PK-35/Legendat,Ruila,Ruila,42,Ärilä Niklas,False,False,1,0,https://tulospalvelu.palloliitto.fi/match/4053670/lineups
4053670,PK-35/Legendat,Ruila,Ruila,88,Tallqvist Noel,False,False,1,0,https://tulospalvelu.palloliitto.fi/match/4053670/lineups
4053658,Ruila,Ariana FC,Ruila,1,Kettunen Jukka,True,False,13,2,https://tulospalvelu.palloliitto.fi/match/4053658/lineups
4053658,Ruila,Ariana FC,Ruila,2,Pitkänen Ville,False,False,13,2,https://tulospalvelu.palloliitto.fi/match/4053658/lineups
4053658,Ruila,Ariana FC,Ruila,5,Paldanius Niklas,False,False,13,2,https://tulospalvelu.palloliitto.fi/match/4053658/lineups
4053658,Ruila,Ariana FC,Ruila,7,Valli Jone,False,False,13,2,https://tulospalvelu.palloliitto.fi/match/4053658/lineups
4053658,Ruila,Ariana FC,Ruila,11,Virtanen Eemil,False,False,13,2,https://tulospalvelu.palloliitto.fi/match/4053658/lineups
4053658,Ruila,Ariana FC,Ruila,13,Hakkarainen Pasi,False,True,13,2,https://tulospalvelu.palloliitto.fi/match/4053658/lineups
4053658,Ruila,Ariana FC,Ruila,16,Puolakka Tommi,False,False,13,2,https://tulospalvelu.palloliitto.fi/match/4053658/lineups
4053658,Ruila,Ariana FC,Ruila,20,Tenn Sebastian,False,False,13,2,https://tulospalvelu.palloliitto.fi/match/4053658/lineups
4053658,Ruila,Ariana FC,Ruila,25,Väisänen Ari Tapio,False,False,13,2,https://tulospalvelu.palloliitto.fi/match/4053658/lineups
4053658,Ruila,Ariana FC,Ruila,26,Klockars Otto,False,False,13,2,https://tulospalvelu.palloliitto.fi/match/4053658/lineups
4053658,Ruila,Ariana FC,Ruila,28,Paavilainen Jim,False,False,13,2,https://tulospalvelu.palloliitto.fi/match/4053658/lineups
4053658,Ruila,Ariana FC,Ruila,29,Vahtola Oliver,False,False,13,2,https://tulospalvelu.palloliitto.fi/match/4053658/lineups
4053658,Ruila,Ariana FC,Ruila,37,Kartano Sami,False,False,13,2,https://tulospalvelu.palloliitto.fi/match/4053658/lineups
4053658,Ruila,Ariana FC,Ruila,40,Niko Akseli Keino,False,False,13,2,https://tulospalvelu.palloliitto.fi/match/4053658/lineups
4053658,Ruila,Ariana FC,Ruila,92,Tenn Samu,False,False,13,2,https://tulospalvelu.palloliitto.fi/match/4053658/lineups
4053658,Ruila,Ariana FC,Ariana FC,1,Ghorbani Alex,True,False,2,13,https://tulospalvelu.palloliitto.fi/match/4053658/lineups
4053658,Ruila,Ariana FC,Ariana FC,4,Sharifi Farhad,False,False,2,13,https://tulospalvelu.palloliitto.fi/match/4053658/lineups
4053658,Ruila,Ariana FC,Ariana FC,5,Saeidi Seyyed Morteza,False,False,2,13,https://tulospalvelu.palloliitto.fi/match/4053658/lineups
4053658,Ruila,Ariana FC,Ariana FC,6,Mohammad Tajik,False,False,2,13,https://tulospalvelu.palloliitto.fi/match/4053658/lineups
4053658,Ruila,Ariana FC,Ariana FC,7,Javad Ahmadi,False,False,2,13,https://tulospalvelu.palloliitto.fi/match/4053658/lineups
4053658,Ruila,Ariana FC,Ariana FC,9,Rassouli Ali,False,False,2,13,https://tulospalvelu.palloliitto.fi/match/4053658/lineups
4053658,Ruila,Ariana FC,Ariana FC,10,Sharifi Farshad,False,False,2,13,https://tulospalvelu.palloliitto.fi/match/4053658/lineups
4053658,Ruila,Ariana FC,Ariana FC,11,Hafaz Musa,False,False,2,13,https://tulospalvelu.palloliitto.fi/match/4053658/lineups
4053658,Ruila,Ariana FC,Ariana FC,12,Ahmedi Ahmed,False,False,2,13,https://tulospalvelu.palloliitto.fi/match/4053658/lineups
4053658,Ruila,Ariana FC,Ariana FC,13,Ahmadi Omid,False,False,2,13,https://tulospalvelu.palloliitto.fi/match/4053658/lineups
4053658,Ruila,Ariana FC,Ariana FC,17,Razm Rama,False,False,2,13,https://tulospalvelu.palloliitto.fi/match/4053658/lineups
4053658,Ruila,Ariana FC,Ariana FC,20,Moslehipour Saleh,False,False,2,13,https://tulospalvelu.palloliitto.fi/match/4053658/lineups
4053658,Ruila,Ariana FC,Ariana FC,23,Pirveisi Mohammedreza,False,False,2,13,https://tulospalvelu.palloliitto.fi/match/4053658/lineups
4053659,MK United/Warriors,Trikiinit,MK United/Warriors,1,Nousiainen Tuukka,True,False,4,1,https://tulospalvelu.palloliitto.fi/match/4053659/lineups
4053659,MK United/Warriors,Trikiinit,MK United/Warriors,2,Elmi Mohamed,False,False,4,1,https://tulospalvelu.palloliitto.fi/match/4053659/lineups
4053659,MK United/Warriors,Trikiinit,MK United/Warriors,3,Kamitsha Julio Mayasio,False,False,4,1,https://tulospalvelu.palloliitto.fi/match/4053659/lineups
4053659,MK United/Warriors,Trikiinit,MK United/Warriors,4,Jusufi Ermal,False,False,4,1,https://tulospalvelu.palloliitto.fi/match/4053659/lineups
4053659,MK United/Warriors,Trikiinit,MK United/Warriors,5,Ibrahim Hashim,False,False,4,1,https://tulospalvelu.palloliitto.fi/match/4053659/lineups
4053659,MK United/Warriors,Trikiinit,MK United/Warriors,6,Abukar Abdullahi,False,False,4,1,https://tulospalvelu.palloliitto.fi/match/4053659/lineups
4053659,MK United/Warriors,Trikiinit,MK United/Warriors,7,Hamunen Ville,False,False,4,1,https://tulospalvelu.palloliitto.fi/match/4053659/lineups
4053659,MK United/Warriors,Trikiinit,MK United/Warriors,9,Nguyen Anh Khanh,False,False,4,1,https://tulospalvelu.palloliitto.fi/match/4053659/lineups
4053659,MK United/Warriors,Trikiinit,MK United/Warriors,10,Amon Filandson,False,False,4,1,https://tulospalvelu.palloliitto.fi/match/4053659/lineups
4053659,MK United/Warriors,Trikiinit,MK United/Warriors,15,Ramadani Muhamed,False,False,4,1,https://tulospalvelu.palloliitto.fi/match/4053659/lineups
4053659,MK United/Warriors,Trikiinit,MK United/Warriors,16,Kryeziu Perparim,False,False,4,1,https://tulospalvelu.palloliitto.fi/match/4053659/lineups
4053659,MK United/Warriors,Trikiinit,MK United/Warriors,18,Yusuf Yasiin,False,False,4,1,https://tulospalvelu.palloliitto.fi/match/4053659/lineups
4053659,MK United/Warriors,Trikiinit,MK United/Warriors,19,Jama Mustafa,False,False,4,1,https://tulospalvelu.palloliitto.fi/match/4053659/lineups
4053659,MK United/Warriors,Trikiinit,MK United/Warriors,20,Landu Zoe,False,False,4,1,https://tulospalvelu.palloliitto.fi/match/4053659/lineups
4053659,MK United/Warriors,Trikiinit,MK United/Warriors,21,Egal Ahmed Osman,False,False,4,1,https://tulospalvelu.palloliitto.fi/match/4053659/lineups
4053659,MK United/Warriors,Trikiinit,Trikiinit,4,Seppi Riku,True,False,1,4,https://tulospalvelu.palloliitto.fi/match/4053659/lineups
4053659,MK United/Warriors,Trikiinit,Trikiinit,3,Nieminen Lauri,False,False,1,4,https://tulospalvelu.palloliitto.fi/match/4053659/lineups
4053659,MK United/Warriors,Trikiinit,Trikiinit,5,Vattulainen Taisto,False,False,1,4,https://tulospalvelu.palloliitto.fi/match/4053659/lineups
4053659,MK United/Warriors,Trikiinit,Trikiinit,7,Owusu Kenneth,False,False,1,4,https://tulospalvelu.palloliitto.fi/match/4053659/lineups
4053659,MK United/Warriors,Trikiinit,Trikiinit,10,Asikainen Topi,False,True,1,4,https://tulospalvelu.palloliitto.fi/match/4053659/lineups
4053659,MK United/Warriors,Trikiinit,Trikiinit,11,Wahlman Jere,False,False,1,4,https://tulospalvelu.palloliitto.fi/match/4053659/lineups
4053659,MK United/Warriors,Trikiinit,Trikiinit,13,Eklund Mikael,False,False,1,4,https://tulospalvelu.palloliitto.fi/match/4053659/lineups
4053659,MK United/Warriors,Trikiinit,Trikiinit,14,Theo Auer,False,False,1,4,https://tulospalvelu.palloliitto.fi/match/4053659/lineups
4053659,MK United/Warriors,Trikiinit,Trikiinit,15,Pulliainen Joel,False,False,1,4,https://tulospalvelu.palloliitto.fi/match/4053659/lineups
4053659,MK United/Warriors,Trikiinit,Trikiinit,16,Vikström Valtteri,False,False,1,4,https://tulospalvelu.palloliitto.fi/match/4053659/lineups
4053659,MK United/Warriors,Trikiinit,Trikiinit,20,Mether Mikael,False,False,1,4,https://tulospalvelu.palloliitto.fi/match/4053659/lineups
4053659,MK United/Warriors,Trikiinit,Trikiinit,21,Winberg Matias,False,False,1,4,https://tulospalvelu.palloliitto.fi/match/4053659/lineups
4053659,MK United/Warriors,Trikiinit,Trikiinit,27,Asikainen Raimo,False,False,1,4,https://tulospalvelu.palloliitto.fi/match/4053659/lineups
4053659,MK United/Warriors,Trikiinit,Trikiinit,29,Winberg Joni,False,False,1,4,https://tulospalvelu.palloliitto.fi/match/4053659/lineups
4053659,MK United/Warriors,Trikiinit,Trikiinit,30,Laasonen Mikko,False,False,1,4,https://tulospalvelu.palloliitto.fi/match/4053659/lineups
4053659,MK United/Warriors,Trikiinit,Trikiinit,31,Parviainen Roope-Jussi,False,False,1,4,https://tulospalvelu.palloliitto.fi/match/4053659/lineups
4053660,PK-35/Legendat,Scorpions,PK-35/Legendat,1,Moor Marlon,True,False,0,3,https://tulospalvelu.palloliitto.fi/match/4053660/lineups
4053660,PK-35/Legendat,Scorpions,PK-35/Legendat,2,Puistola Niko,False,False,0,3,https://tulospalvelu.palloliitto.fi/match/4053660/lineups
4053660,PK-35/Legendat,Scorpions,PK-35/Legendat,3,Miguel Michael,False,False,0,3,https://tulospalvelu.palloliitto.fi/match/4053660/lineups
4053660,PK-35/Legendat,Scorpions,PK-35/Legendat,4,Kaukas Mathias,False,True,0,3,https://tulospalvelu.palloliitto.fi/match/4053660/lineups
4053660,PK-35/Legendat,Scorpions,PK-35/Legendat,11,Rilasmaa Nicholas,False,False,0,3,https://tulospalvelu.palloliitto.fi/match/4053660/lineups
4053660,PK-35/Legendat,Scorpions,PK-35/Legendat,12,Perevalov Boris,False,False,0,3,https://tulospalvelu.palloliitto.fi/match/4053660/lineups
4053660,PK-35/Legendat,Scorpions,PK-35/Legendat,14,Stenros Max,False,False,0,3,https://tulospalvelu.palloliitto.fi/match/4053660/lineups
4053660,PK-35/Legendat,Scorpions,PK-35/Legendat,16,Aarnos Onni,False,False,0,3,https://tulospalvelu.palloliitto.fi/match/4053660/lineups
4053660,PK-35/Legendat,Scorpions,PK-35/Legendat,23,Häkkinen Leo,False,False,0,3,https://tulospalvelu.palloliitto.fi/match/4053660/lineups
4053660,PK-35/Legendat,Scorpions,PK-35/Legendat,25,Hussein Abduljabar,False,False,0,3,https://tulospalvelu.palloliitto.fi/match/4053660/lineups
4053660,PK-35/Legendat,Scorpions,PK-35/Legendat,28,Shafaei Sajad,False,False,0,3,https://tulospalvelu.palloliitto.fi/match/4053660/lineups
4053660,PK-35/Legendat,Scorpions,PK-35/Legendat,32,Dag Henrik,False,False,0,3,https://tulospalvelu.palloliitto.fi/match/4053660/lineups
4053660,PK-35/Legendat,Scorpions,PK-35/Legendat,35,Keinan Farhan,False,False,0,3,https://tulospalvelu.palloliitto.fi/match/4053660/lineups
4053660,PK-35/Legendat,Scorpions,PK-35/Legendat,38,Abubakar Aadil Nur,False,False,0,3,https://tulospalvelu.palloliitto.fi/match/4053660/lineups
4053660,PK-35/Legendat,Scorpions,PK-35/Legendat,52,Rilasmaa Lucas,False,False,0,3,https://tulospalvelu.palloliitto.fi/match/4053660/lineups
4053660,PK-35/Legendat,Scorpions,PK-35/Legendat,81,Ehsan Ahmad Sodais,False,False,0,3,https://tulospalvelu.palloliitto.fi/match/4053660/lineups
4053660,PK-35/Legendat,Scorpions,Scorpions,1,Jarju Lamin,True,False,3,0,https://tulospalvelu.palloliitto.fi/match/4053660/lineups
4053660,PK-35/Legendat,Scorpions,Scorpions,9,Dampha Nfamara,True,False,3,0,https://tulospalvelu.palloliitto.fi/match/4053660/lineups
4053660,PK-35/Legendat,Scorpions,Scorpions,11,Joof Abdoukarim,True,False,3,0,https://tulospalvelu.palloliitto.fi/match/4053660/lineups
4053660,PK-35/Legendat,Scorpions,Scorpions,2,Jobe Maceesay,False,False,3,0,https://tulospalvelu.palloliitto.fi/match/4053660/lineups
4053660,PK-35/Legendat,Scorpions,Scorpions,3,Gaye Haruna,False,False,3,0,https://tulospalvelu.palloliitto.fi/match/4053660/lineups
4053660,PK-35/Legendat,Scorpions,Scorpions,4,Manneh Ousman,False,False,3,0,https://tulospalvelu.palloliitto.fi/match/4053660/lineups
4053660,PK-35/Legendat,Scorpions,Scorpions,5,Jabbie Mbemba,False,False,3,0,https://tulospalvelu.palloliitto.fi/match/4053660/lineups
4053660,PK-35/Legendat,Scorpions,Scorpions,7,Sonko Bubacarr,False,False,3,0,https://tulospalvelu.palloliitto.fi/match/4053660/lineups
4053660,PK-35/Legendat,Scorpions,Scorpions,8,Suso Mba,False,False,3,0,https://tulospalvelu.palloliitto.fi/match/4053660/lineups
4053660,PK-35/Legendat,Scorpions,Scorpions,10,Gibba Buba,False,True,3,0,https://tulospalvelu.palloliitto.fi/match/4053660/lineups
4053660,PK-35/Legendat,Scorpions,Scorpions,12,Corr Muhammed,False,False,3,0,https://tulospalvelu.palloliitto.fi/match/4053660/lineups
4053660,PK-35/Legendat,Scorpions,Scorpions,13,Ebrima Sillah,False,False,3,0,https://tulospalvelu.palloliitto.fi/match/4053660/lineups
4053660,PK-35/Legendat,Scorpions,Scorpions,14,Camara Dukara Malamin,False,False,3,0,https://tulospalvelu.palloliitto.fi/match/4053660/lineups
4053660,PK-35/Legendat,Scorpions,Scorpions,15,Jammeh Adama,False,False,3,0,https://tulospalvelu.palloliitto.fi/match/4053660/lineups
4053660,PK-35/Legendat,Scorpions,Scorpions,16,Bah Yerro,False,False,3,0,https://tulospalvelu.palloliitto.fi/match/4053660/lineups
4053660,PK-35/Legendat,Scorpions,Scorpions,17,Camara Habibou,False,False,3,0,https://tulospalvelu.palloliitto.fi/match/4053660/lineups
4053660,PK-35/Legendat,Scorpions,Scorpions,18,Sillah Famara,False,False,3,0,https://tulospalvelu.palloliitto.fi/match/4053660/lineups
4053660,PK-35/Legendat,Scorpions,Scorpions,19,Bajo Sheriff,False,False,3,0,https://tulospalvelu.palloliitto.fi/match/4053660/lineups
4053660,PK-35/Legendat,Scorpions,Scorpions,20,Beyai Lamin,False,False,3,0,https://tulospalvelu.palloliitto.fi/match/4053660/lineups
4053660,PK-35/Legendat,Scorpions,Scorpions,21,Baio Lamin K.,False,False,3,0,https://tulospalvelu.palloliitto.fi/match/4053660/lineups
4053660,PK-35/Legendat,Scorpions,Scorpions,22,Danso Omar,False,False,3,0,https://tulospalvelu.palloliitto.fi/match/4053660/lineups
4053660,PK-35/Legendat,Scorpions,Scorpions,23,Joof Lamin,False,False,3,0,https://tulospalvelu.palloliitto.fi/match/4053660/lineups
4053660,PK-35/Legendat,Scorpions,Scorpions,24,Manjang Bubacarr,False,False,3,0,https://tulospalvelu.palloliitto.fi/match/4053660/lineups
4053660,PK-35/Legendat,Scorpions,Scorpions,25,Manneh Sarjo,False,False,3,0,https://tulospalvelu.palloliitto.fi/match/4053660/lineups
4053660,PK-35/Legendat,Scorpions,Scorpions,26,Pa Modou Sarr,False,False,3,0,https://tulospalvelu.palloliitto.fi/match/4053660/lineups
4053660,PK-35/Legendat,Scorpions,Scorpions,27,Touray Modou (Omar),False,False,3,0,https://tulospalvelu.palloliitto.fi/match/4053660/lineups
4053660,PK-35/Legendat,Scorpions,Scorpions,28,Kebe Kawusu,False,False,3,0,https://tulospalvelu.palloliitto.fi/match/4053660/lineups
4053661,VAMOL/Myyrmäki,Millbrook FC,VAMOL/Myyrmäki,1,Sharmake Yusuf,True,True,12,1,https://tulospalvelu.palloliitto.fi/match/4053661/lineups
4053661,VAMOL/Myyrmäki,Millbrook FC,VAMOL/Myyrmäki,3,Moalin-Elmi Khalid,False,False,12,1,https://tulospalvelu.palloliitto.fi/match/4053661/lineups
4053661,VAMOL/Myyrmäki,Millbrook FC,VAMOL/Myyrmäki,4,Kalif Kalif Mohamed,False,False,12,1,https://tulospalvelu.palloliitto.fi/match/4053661/lineups
4053661,VAMOL/Myyrmäki,Millbrook FC,VAMOL/Myyrmäki,5,Aybakar Muscab,False,False,12,1,https://tulospalvelu.palloliitto.fi/match/4053661/lineups
4053661,VAMOL/Myyrmäki,Millbrook FC,VAMOL/Myyrmäki,7,Mohamed Jabir,False,False,12,1,https://tulospalvelu.palloliitto.fi/match/4053661/lineups
4053661,VAMOL/Myyrmäki,Millbrook FC,VAMOL/Myyrmäki,8,Abdi Mohamed Jr,False,False,12,1,https://tulospalvelu.palloliitto.fi/match/4053661/lineups
4053661,VAMOL/Myyrmäki,Millbrook FC,VAMOL/Myyrmäki,9,Ahmed Abdirahman,False,False,12,1,https://tulospalvelu.palloliitto.fi/match/4053661/lineups
4053661,VAMOL/Myyrmäki,Millbrook FC,VAMOL/Myyrmäki,10,Mohammed Abdirahman Ahmed,False,False,12,1,https://tulospalvelu.palloliitto.fi/match/4053661/lineups
4053661,VAMOL/Myyrmäki,Millbrook FC,VAMOL/Myyrmäki,11,Said Mahamed,False,False,12,1,https://tulospalvelu.palloliitto.fi/match/4053661/lineups
4053661,VAMOL/Myyrmäki,Millbrook FC,VAMOL/Myyrmäki,12,Hashi Abdirisaq,False,False,12,1,https://tulospalvelu.palloliitto.fi/match/4053661/lineups
4053661,VAMOL/Myyrmäki,Millbrook FC,VAMOL/Myyrmäki,13,Yuusuf Ali,False,False,12,1,https://tulospalvelu.palloliitto.fi/match/4053661/lineups
4053661,VAMOL/Myyrmäki,Millbrook FC,VAMOL/Myyrmäki,16,Yussuf Abdikhaliq,False,False,12,1,https://tulospalvelu.palloliitto.fi/match/4053661/lineups
4053661,VAMOL/Myyrmäki,Millbrook FC,VAMOL/Myyrmäki,17,Hussein Saadsq,False,False,12,1,https://tulospalvelu.palloliitto.fi/match/4053661/lineups
4053661,VAMOL/Myyrmäki,Millbrook FC,VAMOL/Myyrmäki,18,Ahmed Samatar,False,False,12,1,https://tulospalvelu.palloliitto.fi/match/4053661/lineups
4053661,VAMOL/Myyrmäki,Millbrook FC,Millbrook FC,16,Ojala Tuomas,True,False,1,12,https://tulospalvelu.palloliitto.fi/match/4053661/lineups
4053661,VAMOL/Myyrmäki,Millbrook FC,Millbrook FC,2,Al Hmedawi Ahmed,False,False,1,12,https://tulospalvelu.palloliitto.fi/match/4053661/lineups
4053661,VAMOL/Myyrmäki,Millbrook FC,Millbrook FC,7,Aslan Mirac,False,False,1,12,https://tulospalvelu.palloliitto.fi/match/4053661/lineups
4053661,VAMOL/Myyrmäki,Millbrook FC,Millbrook FC,9,Kasim Ahmed,False,False,1,12,https://tulospalvelu.palloliitto.fi/match/4053661/lineups
4053661,VAMOL/Myyrmäki,Millbrook FC,Millbrook FC,10,Vollakka Jesse,False,False,1,12,https://tulospalvelu.palloliitto.fi/match/4053661/lineups
4053661,VAMOL/Myyrmäki,Millbrook FC,Millbrook FC,11,Ojala Teemu,False,False,1,12,https://tulospalvelu.palloliitto.fi/match/4053661/lineups
4053661,VAMOL/Myyrmäki,Millbrook FC,Millbrook FC,14,Laitinen Joni,False,False,1,12,https://tulospalvelu.palloliitto.fi/match/4053661/lineups
4053661,VAMOL/Myyrmäki,Millbrook FC,Millbrook FC,20,Daoussi Rachid,False,False,1,12,https://tulospalvelu.palloliitto.fi/match/4053661/lineups
4053661,VAMOL/Myyrmäki,Millbrook FC,Millbrook FC,33,Oghbasilasie Daniel,False,False,1,12,https://tulospalvelu.palloliitto.fi/match/4053661/lineups
4053661,VAMOL/Myyrmäki,Millbrook FC,Millbrook FC,66,Ali Kazim,False,False,1,12,https://tulospalvelu.palloliitto.fi/match/4053661/lineups
4053661,VAMOL/Myyrmäki,Millbrook FC,Millbrook FC,85,Le Quoc Phong,False,False,1,12,https://tulospalvelu.palloliitto.fi/match/4053661/lineups
4053661,VAMOL/Myyrmäki,Millbrook FC,Millbrook FC,99,Hotanen Valtteri,False,False,1,12,https://tulospalvelu.palloliitto.fi/match/4053661/lineups
4053655,Trikiinit,PK-35/Legendat,Trikiinit,18,Toivonen Jaakko,True,True,2,7,https://tulospalvelu.palloliitto.fi/match/4053655/lineups
4053655,Trikiinit,PK-35/Legendat,Trikiinit,3,Nieminen Lauri,False,False,2,7,https://tulospalvelu.palloliitto.fi/match/4053655/lineups
4053655,Trikiinit,PK-35/Legendat,Trikiinit,5,Vattulainen Taisto,False,False,2,7,https://tulospalvelu.palloliitto.fi/match/4053655/lineups
4053655,Trikiinit,PK-35/Legendat,Trikiinit,7,Owusu Kenneth,False,False,2,7,https://tulospalvelu.palloliitto.fi/match/4053655/lineups
4053655,Trikiinit,PK-35/Legendat,Trikiinit,11,Wahlman Jere,False,False,2,7,https://tulospalvelu.palloliitto.fi/match/4053655/lineups
4053655,Trikiinit,PK-35/Legendat,Trikiinit,13,Eklund Mikael,False,False,2,7,https://tulospalvelu.palloliitto.fi/match/4053655/lineups
4053655,Trikiinit,PK-35/Legendat,Trikiinit,14,Theo Auer,False,False,2,7,https://tulospalvelu.palloliitto.fi/match/4053655/lineups
4053655,Trikiinit,PK-35/Legendat,Trikiinit,15,Pulliainen Joel,False,False,2,7,https://tulospalvelu.palloliitto.fi/match/4053655/lineups
4053655,Trikiinit,PK-35/Legendat,Trikiinit,16,Vikström Valtteri,False,False,2,7,https://tulospalvelu.palloliitto.fi/match/4053655/lineups
4053655,Trikiinit,PK-35/Legendat,Trikiinit,20,Mether Mikael,False,False,2,7,https://tulospalvelu.palloliitto.fi/match/4053655/lineups
4053655,Trikiinit,PK-35/Legendat,Trikiinit,21,Winberg Matias,False,False,2,7,https://tulospalvelu.palloliitto.fi/match/4053655/lineups
4053655,Trikiinit,PK-35/Legendat,Trikiinit,27,Asikainen Raimo,False,False,2,7,https://tulospalvelu.palloliitto.fi/match/4053655/lineups
4053655,Trikiinit,PK-35/Legendat,Trikiinit,29,Winberg Joni,False,False,2,7,https://tulospalvelu.palloliitto.fi/match/4053655/lineups
4053655,Trikiinit,PK-35/Legendat,Trikiinit,31,Parviainen Roope-Jussi,False,False,2,7,https://tulospalvelu.palloliitto.fi/match/4053655/lineups
4053655,Trikiinit,PK-35/Legendat,PK-35/Legendat,1,Mankki Lauri,True,False,7,2,https://tulospalvelu.palloliitto.fi/match/4053655/lineups
4053655,Trikiinit,PK-35/Legendat,PK-35/Legendat,2,Dag Henrik,False,False,7,2,https://tulospalvelu.palloliitto.fi/match/4053655/lineups
4053655,Trikiinit,PK-35/Legendat,PK-35/Legendat,4,Kaukas Mathias,False,False,7,2,https://tulospalvelu.palloliitto.fi/match/4053655/lineups
4053655,Trikiinit,PK-35/Legendat,PK-35/Legendat,5,Aarnos Onni,False,False,7,2,https://tulospalvelu.palloliitto.fi/match/4053655/lineups
4053655,Trikiinit,PK-35/Legendat,PK-35/Legendat,8,Stenros Max,False,False,7,2,https://tulospalvelu.palloliitto.fi/match/4053655/lineups
4053655,Trikiinit,PK-35/Legendat,PK-35/Legendat,9,Perevalov Boris,False,False,7,2,https://tulospalvelu.palloliitto.fi/match/4053655/lineups
4053655,Trikiinit,PK-35/Legendat,PK-35/Legendat,13,Ehsan Ahmad Sodais,False,False,7,2,https://tulospalvelu.palloliitto.fi/match/4053655/lineups
4053655,Trikiinit,PK-35/Legendat,PK-35/Legendat,14,Shafaei Sajad,False,False,7,2,https://tulospalvelu.palloliitto.fi/match/4053655/lineups
4053655,Trikiinit,PK-35/Legendat,PK-35/Legendat,16,Rilasmaa Lucas,False,False,7,2,https://tulospalvelu.palloliitto.fi/match/4053655/lineups
4053655,Trikiinit,PK-35/Legendat,PK-35/Legendat,18,Häkkinen Leo,False,False,7,2,https://tulospalvelu.palloliitto.fi/match/4053655/lineups
4053655,Trikiinit,PK-35/Legendat,PK-35/Legendat,20,Öhman Verneri,False,False,7,2,https://tulospalvelu.palloliitto.fi/match/4053655/lineups
4053655,Trikiinit,PK-35/Legendat,PK-35/Legendat,52,Moor Marlon,False,False,7,2,https://tulospalvelu.palloliitto.fi/match/4053655/lineups
4053654,Ariana FC,MK United/Warriors,Ariana FC,1,Hämäläinen Tero,True,False,1,2,https://tulospalvelu.palloliitto.fi/match/4053654/lineups
4053654,Ariana FC,MK United/Warriors,Ariana FC,3,Moslehipour Saleh,False,False,1,2,https://tulospalvelu.palloliitto.fi/match/4053654/lineups
4053654,Ariana FC,MK United/Warriors,Ariana FC,4,Sharifi Farhad,False,False,1,2,https://tulospalvelu.palloliitto.fi/match/4053654/lineups
4053654,Ariana FC,MK United/Warriors,Ariana FC,5,Saeidi Seyyed Morteza,False,False,1,2,https://tulospalvelu.palloliitto.fi/match/4053654/lineups
4053654,Ariana FC,MK United/Warriors,Ariana FC,6,Mohammad Tajik,False,False,1,2,https://tulospalvelu.palloliitto.fi/match/4053654/lineups
4053654,Ariana FC,MK United/Warriors,Ariana FC,7,Javad Ahmadi,False,False,1,2,https://tulospalvelu.palloliitto.fi/match/4053654/lineups
4053654,Ariana FC,MK United/Warriors,Ariana FC,8,Ahmadi Omid,False,False,1,2,https://tulospalvelu.palloliitto.fi/match/4053654/lineups
4053654,Ariana FC,MK United/Warriors,Ariana FC,9,Rassouli Ali,False,False,1,2,https://tulospalvelu.palloliitto.fi/match/4053654/lineups
4053654,Ariana FC,MK United/Warriors,Ariana FC,10,Sharifi Farshad,False,False,1,2,https://tulospalvelu.palloliitto.fi/match/4053654/lineups
4053654,Ariana FC,MK United/Warriors,Ariana FC,11,Ahmed Ahmedi,False,False,1,2,https://tulospalvelu.palloliitto.fi/match/4053654/lineups
4053654,Ariana FC,MK United/Warriors,Ariana FC,20,Razm Rama,False,False,1,2,https://tulospalvelu.palloliitto.fi/match/4053654/lineups
4053654,Ariana FC,MK United/Warriors,Ariana FC,23,Pirveisi Mohammedreza,False,False,1,2,https://tulospalvelu.palloliitto.fi/match/4053654/lineups
4053654,Ariana FC,MK United/Warriors,Ariana FC,90,Ghorbani Alex,False,False,1,2,https://tulospalvelu.palloliitto.fi/match/4053654/lineups
4053654,Ariana FC,MK United/Warriors,MK United/Warriors,1,Nousiainen Tuukka,True,False,2,1,https://tulospalvelu.palloliitto.fi/match/4053654/lineups
4053654,Ariana FC,MK United/Warriors,MK United/Warriors,2,Yusuf Mohamed,False,False,2,1,https://tulospalvelu.palloliitto.fi/match/4053654/lineups
4053654,Ariana FC,MK United/Warriors,MK United/Warriors,3,Kamitsha Julio Mayasio,False,False,2,1,https://tulospalvelu.palloliitto.fi/match/4053654/lineups
4053654,Ariana FC,MK United/Warriors,MK United/Warriors,4,Jusufi Ermal,False,False,2,1,https://tulospalvelu.palloliitto.fi/match/4053654/lineups
4053654,Ariana FC,MK United/Warriors,MK United/Warriors,5,Ibrahim Hashim,False,False,2,1,https://tulospalvelu.palloliitto.fi/match/4053654/lineups
4053654,Ariana FC,MK United/Warriors,MK United/Warriors,7,Hamunen Ville,False,False,2,1,https://tulospalvelu.palloliitto.fi/match/4053654/lineups
4053654,Ariana FC,MK United/Warriors,MK United/Warriors,8,Hyppönen Ilmari,False,False,2,1,https://tulospalvelu.palloliitto.fi/match/4053654/lineups
4053654,Ariana FC,MK United/Warriors,MK United/Warriors,9,Najat Mid,False,False,2,1,https://tulospalvelu.palloliitto.fi/match/4053654/lineups
4053654,Ariana FC,MK United/Warriors,MK United/Warriors,10,Amon Filandson,False,False,2,1,https://tulospalvelu.palloliitto.fi/match/4053654/lineups
4053654,Ariana FC,MK United/Warriors,MK United/Warriors,12,Karppinen Konsta,False,False,2,1,https://tulospalvelu.palloliitto.fi/match/4053654/lineups
4053654,Ariana FC,MK United/Warriors,MK United/Warriors,15,Ramadani Muhamed,False,False,2,1,https://tulospalvelu.palloliitto.fi/match/4053654/lineups
4053654,Ariana FC,MK United/Warriors,MK United/Warriors,16,Kryeziu Perparim,False,False,2,1,https://tulospalvelu.palloliitto.fi/match/4053654/lineups
4053654,Ariana FC,MK United/Warriors,MK United/Warriors,18,Yusuf Yasiin,False,False,2,1,https://tulospalvelu.palloliitto.fi/match/4053654/lineups
4053654,Ariana FC,MK United/Warriors,MK United/Warriors,20,Wetu Benjamin,False,False,2,1,https://tulospalvelu.palloliitto.fi/match/4053654/lineups
4053654,Ariana FC,MK United/Warriors,MK United/Warriors,21,Egal Ahmed Osman,False,False,2,1,https://tulospalvelu.palloliitto.fi/match/4053654/lineups
4053653,Millbrook FC,Ruila,Millbrook FC,14,Laitinen Joni,True,False,0,9,https://tulospalvelu.palloliitto.fi/match/4053653/lineups
4053653,Millbrook FC,Ruila,Millbrook FC,4,Kilpinen Antero,False,False,0,9,https://tulospalvelu.palloliitto.fi/match/4053653/lineups
4053653,Millbrook FC,Ruila,Millbrook FC,5,Forslund Tony,False,False,0,9,https://tulospalvelu.palloliitto.fi/match/4053653/lineups
4053653,Millbrook FC,Ruila,Millbrook FC,7,Aslan Mirac,False,False,0,9,https://tulospalvelu.palloliitto.fi/match/4053653/lineups
4053653,Millbrook FC,Ruila,Millbrook FC,11,Ojala Teemu,False,False,0,9,https://tulospalvelu.palloliitto.fi/match/4053653/lineups
4053653,Millbrook FC,Ruila,Millbrook FC,15,Le Quoc Phong,False,False,0,9,https://tulospalvelu.palloliitto.fi/match/4053653/lineups
4053653,Millbrook FC,Ruila,Millbrook FC,16,Ojala Tuomas,False,False,0,9,https://tulospalvelu.palloliitto.fi/match/4053653/lineups
4053653,Millbrook FC,Ruila,Millbrook FC,19,Kasim Ahmed,False,False,0,9,https://tulospalvelu.palloliitto.fi/match/4053653/lineups
4053653,Millbrook FC,Ruila,Millbrook FC,20,Daoussi Rachid,False,False,0,9,https://tulospalvelu.palloliitto.fi/match/4053653/lineups
4053653,Millbrook FC,Ruila,Millbrook FC,66,Ali Kazim,False,False,0,9,https://tulospalvelu.palloliitto.fi/match/4053653/lineups
4053653,Millbrook FC,Ruila,Millbrook FC,85,Oghbasilasie Daniel,False,False,0,9,https://tulospalvelu.palloliitto.fi/match/4053653/lineups
4053653,Millbrook FC,Ruila,Millbrook FC,99,Hotanen Valtteri,False,True,0,9,https://tulospalvelu.palloliitto.fi/match/4053653/lineups
4053653,Millbrook FC,Ruila,Ruila,1,Kettunen Jukka,True,False,9,0,https://tulospalvelu.palloliitto.fi/match/4053653/lineups
4053653,Millbrook FC,Ruila,Ruila,2,Pitkänen Ville,False,False,9,0,https://tulospalvelu.palloliitto.fi/match/4053653/lineups
4053653,Millbrook FC,Ruila,Ruila,4,Hailikari Niki,False,False,9,0,https://tulospalvelu.palloliitto.fi/match/4053653/lineups
4053653,Millbrook FC,Ruila,Ruila,5,Paldanius Niklas,False,False,9,0,https://tulospalvelu.palloliitto.fi/match/4053653/lineups
4053653,Millbrook FC,Ruila,Ruila,6,Sejdaj Arjanit,False,False,9,0,https://tulospalvelu.palloliitto.fi/match/4053653/lineups
4053653,Millbrook FC,Ruila,Ruila,7,Valli Jone,False,False,9,0,https://tulospalvelu.palloliitto.fi/match/4053653/lineups
4053653,Millbrook FC,Ruila,Ruila,10,Juutinen Jukka-Pekka,False,False,9,0,https://tulospalvelu.palloliitto.fi/match/4053653/lineups
4053653,Millbrook FC,Ruila,Ruila,11,Virtanen Eemil,False,False,9,0,https://tulospalvelu.palloliitto.fi/match/4053653/lineups
4053653,Millbrook FC,Ruila,Ruila,13,Hakkarainen Pasi,False,True,9,0,https://tulospalvelu.palloliitto.fi/match/4053653/lineups
4053653,Millbrook FC,Ruila,Ruila,18,Merta Aleksi,False,False,9,0,https://tulospalvelu.palloliitto.fi/match/4053653/lineups
4053653,Millbrook FC,Ruila,Ruila,20,Tenn Sebastian,False,False,9,0,https://tulospalvelu.palloliitto.fi/match/4053653/lineups
4053653,Millbrook FC,Ruila,Ruila,25,Väisänen Ari Tapio,False,False,9,0,https://tulospalvelu.palloliitto.fi/match/4053653/lineups
4053653,Millbrook FC,Ruila,Ruila,26,Klockars Otto,False,False,9,0,https://tulospalvelu.palloliitto.fi/match/4053653/lineups
4053653,Millbrook FC,Ruila,Ruila,28,Paavilainen Jim,False,False,9,0,https://tulospalvelu.palloliitto.fi/match/4053653/lineups
4053653,Millbrook FC,Ruila,Ruila,37,Kartano Sami,False,False,9,0,https://tulospalvelu.palloliitto.fi/match/4053653/lineups
4053653,Millbrook FC,Ruila,Ruila,38,Sadiku Diard,False,False,9,0,https://tulospalvelu.palloliitto.fi/match/4053653/lineups
4053653,Millbrook FC,Ruila,Ruila,42,Ärilä Niklas,False,False,9,0,https://tulospalvelu.palloliitto.fi/match/4053653/lineups
4053653,Millbrook FC,Ruila,Ruila,88,Tallqvist Noel,False,False,9,0,https://tulospalvelu.palloliitto.fi/match/4053653/lineups
4053656,FC Viikingit/S.C.P L,Scorpions,FC Viikingit/S.C.P L,1,Sainomaa Aapo,True,False,1,1,https://tulospalvelu.palloliitto.fi/match/4053656/lineups
4053656,FC Viikingit/S.C.P L,Scorpions,FC Viikingit/S.C.P L,2,Freden Toni,False,False,1,1,https://tulospalvelu.palloliitto.fi/match/4053656/lineups
4053656,FC Viikingit/S.C.P L,Scorpions,FC Viikingit/S.C.P L,4,Kunnas Jere,False,False,1,1,https://tulospalvelu.palloliitto.fi/match/4053656/lineups
4053656,FC Viikingit/S.C.P L,Scorpions,FC Viikingit/S.C.P L,5,Blomqvist Niclas,False,False,1,1,https://tulospalvelu.palloliitto.fi/match/4053656/lineups
4053656,FC Viikingit/S.C.P L,Scorpions,FC Viikingit/S.C.P L,7,Rauhala Jarkko,False,False,1,1,https://tulospalvelu.palloliitto.fi/match/4053656/lineups
4053656,FC Viikingit/S.C.P L,Scorpions,FC Viikingit/S.C.P L,8,Piekiäinen Vesa,False,False,1,1,https://tulospalvelu.palloliitto.fi/match/4053656/lineups
4053656,FC Viikingit/S.C.P L,Scorpions,FC Viikingit/S.C.P L,10,Honkanen Tony,False,False,1,1,https://tulospalvelu.palloliitto.fi/match/4053656/lineups
4053656,FC Viikingit/S.C.P L,Scorpions,FC Viikingit/S.C.P L,12,Kujama Jukka,False,False,1,1,https://tulospalvelu.palloliitto.fi/match/4053656/lineups
4053656,FC Viikingit/S.C.P L,Scorpions,FC Viikingit/S.C.P L,15,Laaksonen Iiro,False,False,1,1,https://tulospalvelu.palloliitto.fi/match/4053656/lineups
4053656,FC Viikingit/S.C.P L,Scorpions,FC Viikingit/S.C.P L,19,Freden Niko,False,False,1,1,https://tulospalvelu.palloliitto.fi/match/4053656/lineups
4053656,FC Viikingit/S.C.P L,Scorpions,FC Viikingit/S.C.P L,22,David Nadav,False,False,1,1,https://tulospalvelu.palloliitto.fi/match/4053656/lineups
4053656,FC Viikingit/S.C.P L,Scorpions,FC Viikingit/S.C.P L,23,Kunnas Riku,False,False,1,1,https://tulospalvelu.palloliitto.fi/match/4053656/lineups
4053656,FC Viikingit/S.C.P L,Scorpions,FC Viikingit/S.C.P L,77,Simula Kristoffer,False,False,1,1,https://tulospalvelu.palloliitto.fi/match/4053656/lineups
4053656,FC Viikingit/S.C.P L,Scorpions,FC Viikingit/S.C.P L,78,Tiensuu Mika,False,False,1,1,https://tulospalvelu.palloliitto.fi/match/4053656/lineups
4053656,FC Viikingit/S.C.P L,Scorpions,FC Viikingit/S.C.P L,88,Remes Julius,False,False,1,1,https://tulospalvelu.palloliitto.fi/match/4053656/lineups
4053656,FC Viikingit/S.C.P L,Scorpions,FC Viikingit/S.C.P L,97,Forsten Jonne,False,False,1,1,https://tulospalvelu.palloliitto.fi/match/4053656/lineups
4053656,FC Viikingit/S.C.P L,Scorpions,Scorpions,1,Jarju Lamin,True,False,1,1,https://tulospalvelu.palloliitto.fi/match/4053656/lineups
4053656,FC Viikingit/S.C.P L,Scorpions,Scorpions,9,Dampha Nfamara,True,False,1,1,https://tulospalvelu.palloliitto.fi/match/4053656/lineups
4053656,FC Viikingit/S.C.P L,Scorpions,Scorpions,11,Joof Abdoukarim,True,False,1,1,https://tulospalvelu.palloliitto.fi/match/4053656/lineups
4053656,FC Viikingit/S.C.P L,Scorpions,Scorpions,2,Jobe Maceesay,False,False,1,1,https://tulospalvelu.palloliitto.fi/match/4053656/lineups
4053656,FC Viikingit/S.C.P L,Scorpions,Scorpions,3,Gaye Haruna,False,False,1,1,https://tulospalvelu.palloliitto.fi/match/4053656/lineups
4053656,FC Viikingit/S.C.P L,Scorpions,Scorpions,4,Manneh Ousman,False,False,1,1,https://tulospalvelu.palloliitto.fi/match/4053656/lineups
4053656,FC Viikingit/S.C.P L,Scorpions,Scorpions,5,Jabbie Mbemba,False,False,1,1,https://tulospalvelu.palloliitto.fi/match/4053656/lineups
4053656,FC Viikingit/S.C.P L,Scorpions,Scorpions,7,Sonko Bubacarr,False,False,1,1,https://tulospalvelu.palloliitto.fi/match/4053656/lineups
4053656,FC Viikingit/S.C.P L,Scorpions,Scorpions,8,Suso Mba,False,False,1,1,https://tulospalvelu.palloliitto.fi/match/4053656/lineups
4053656,FC Viikingit/S.C.P L,Scorpions,Scorpions,10,Gibba Buba,False,True,1,1,https://tulospalvelu.palloliitto.fi/match/4053656/lineups
4053656,FC Viikingit/S.C.P L,Scorpions,Scorpions,12,Corr Muhammed,False,False,1,1,https://tulospalvelu.palloliitto.fi/match/4053656/lineups
4053656,FC Viikingit/S.C.P L,Scorpions,Scorpions,13,Ebrima Sillah,False,False,1,1,https://tulospalvelu.palloliitto.fi/match/4053656/lineups
4053656,FC Viikingit/S.C.P L,Scorpions,Scorpions,14,Camara Dukara Malamin,False,False,1,1,https://tulospalvelu.palloliitto.fi/match/4053656/lineups
4053656,FC Viikingit/S.C.P L,Scorpions,Scorpions,15,Jammeh Adama,False,False,1,1,https://tulospalvelu.palloliitto.fi/match/4053656/lineups
4053656,FC Viikingit/S.C.P L,Scorpions,Scorpions,16,Bah Yerro,False,False,1,1,https://tulospalvelu.palloliitto.fi/match/4053656/lineups
4053656,FC Viikingit/S.C.P L,Scorpions,Scorpions,17,Camara Habibou,False,False,1,1,https://tulospalvelu.palloliitto.fi/match/4053656/lineups
4053656,FC Viikingit/S.C.P L,Scorpions,Scorpions,18,Sillah Famara,False,False,1,1,https://tulospalvelu.palloliitto.fi/match/4053656/lineups
4053656,FC Viikingit/S.C.P L,Scorpions,Scorpions,19,Bajo Sheriff,False,False,1,1,https://tulospalvelu.palloliitto.fi/match/4053656/lineups
4053651,Scorpions,Millbrook FC,Scorpions,,Dampha Nfamara,True,False,11,1,https://tulospalvelu.palloliitto.fi/match/4053651/lineups
4053651,Scorpions,Millbrook FC,Scorpions,1,Jarju Lamin,True,False,11,1,https://tulospalvelu.palloliitto.fi/match/4053651/lineups
4053651,Scorpions,Millbrook FC,Scorpions,11,Joof Abdoukarim,True,False,11,1,https://tulospalvelu.palloliitto.fi/match/4053651/lineups
4053651,Scorpions,Millbrook FC,Scorpions,2,Jobe Maceesay,False,False,11,1,https://tulospalvelu.palloliitto.fi/match/4053651/lineups
4053651,Scorpions,Millbrook FC,Scorpions,3,Gaye Haruna,False,False,11,1,https://tulospalvelu.palloliitto.fi/match/4053651/lineups
4053651,Scorpions,Millbrook FC,Scorpions,4,Manneh Ousman,False,False,11,1,https://tulospalvelu.palloliitto.fi/match/4053651/lineups
4053651,Scorpions,Millbrook FC,Scorpions,5,Jabbie Mbemba,False,False,11,1,https://tulospalvelu.palloliitto.fi/match/4053651/lineups
4053651,Scorpions,Millbrook FC,Scorpions,7,Sonko Bubacarr,False,False,11,1,https://tulospalvelu.palloliitto.fi/match/4053651/lineups
4053651,Scorpions,Millbrook FC,Scorpions,8,Suso Mba,False,False,11,1,https://tulospalvelu.palloliitto.fi/match/4053651/lineups
4053651,Scorpions,Millbrook FC,Scorpions,10,Gibba Buba,False,True,11,1,https://tulospalvelu.palloliitto.fi/match/4053651/lineups
4053651,Scorpions,Millbrook FC,Scorpions,12,Corr Muhammed,False,False,11,1,https://tulospalvelu.palloliitto.fi/match/4053651/lineups
4053651,Scorpions,Millbrook FC,Scorpions,13,Ebrima Sillah,False,False,11,1,https://tulospalvelu.palloliitto.fi/match/4053651/lineups
4053651,Scorpions,Millbrook FC,Scorpions,14,Camara Dukara Malamin,False,False,11,1,https://tulospalvelu.palloliitto.fi/match/4053651/lineups
4053651,Scorpions,Millbrook FC,Scorpions,15,Jammeh Adama,False,False,11,1,https://tulospalvelu.palloliitto.fi/match/4053651/lineups
4053651,Scorpions,Millbrook FC,Scorpions,16,Bah Yerro,False,False,11,1,https://tulospalvelu.palloliitto.fi/match/4053651/lineups
4053651,Scorpions,Millbrook FC,Scorpions,17,Camara Habibou,False,False,11,1,https://tulospalvelu.palloliitto.fi/match/4053651/lineups
4053651,Scorpions,Millbrook FC,Scorpions,18,Sillah Famara,False,False,11,1,https://tulospalvelu.palloliitto.fi/match/4053651/lineups
4053651,Scorpions,Millbrook FC,Scorpions,19,Bajo Sheriff,False,False,11,1,https://tulospalvelu.palloliitto.fi/match/4053651/lineups
4053651,Scorpions,Millbrook FC,Scorpions,20,Beyai Lamin,False,False,11,1,https://tulospalvelu.palloliitto.fi/match/4053651/lineups
4053651,Scorpions,Millbrook FC,Millbrook FC,1,Kiiski Tuomas,True,False,1,11,https://tulospalvelu.palloliitto.fi/match/4053651/lineups
4053651,Scorpions,Millbrook FC,Millbrook FC,2,Al Hmedawi Ahmed,False,False,1,11,https://tulospalvelu.palloliitto.fi/match/4053651/lineups
4053651,Scorpions,Millbrook FC,Millbrook FC,5,Forslund Tony,False,False,1,11,https://tulospalvelu.palloliitto.fi/match/4053651/lineups
4053651,Scorpions,Millbrook FC,Millbrook FC,8,Kanninen Vitali,False,False,1,11,https://tulospalvelu.palloliitto.fi/match/4053651/lineups
4053651,Scorpions,Millbrook FC,Millbrook FC,10,Vollakka Jesse,False,False,1,11,https://tulospalvelu.palloliitto.fi/match/4053651/lineups
4053651,Scorpions,Millbrook FC,Millbrook FC,11,Ojala Teemu,False,False,1,11,https://tulospalvelu.palloliitto.fi/match/4053651/lineups
4053651,Scorpions,Millbrook FC,Millbrook FC,14,Laitinen Joni,False,False,1,11,https://tulospalvelu.palloliitto.fi/match/4053651/lineups
4053651,Scorpions,Millbrook FC,Millbrook FC,15,Le Quoc Phong,False,False,1,11,https://tulospalvelu.palloliitto.fi/match/4053651/lineups
4053651,Scorpions,Millbrook FC,Millbrook FC,16,Ojala Tuomas,False,False,1,11,https://tulospalvelu.palloliitto.fi/match/4053651/lineups
4053651,Scorpions,Millbrook FC,Millbrook FC,33,Oghbasilasie Daniel,False,False,1,11,https://tulospalvelu.palloliitto.fi/match/4053651/lineups
4053651,Scorpions,Millbrook FC,Millbrook FC,66,Ali Kazim,False,False,1,11,https://tulospalvelu.palloliitto.fi/match/4053651/lineups
4053651,Scorpions,Millbrook FC,Millbrook FC,99,Hotanen Valtteri,False,True,1,11,https://tulospalvelu.palloliitto.fi/match/4053651/lineups
4053652,FC Viikingit/S.C.P L,Ariana FC,FC Viikingit/S.C.P L,1,Virtanen Riku,True,False,4,1,https://tulospalvelu.palloliitto.fi/match/4053652/lineups
4053652,FC Viikingit/S.C.P L,Ariana FC,FC Viikingit/S.C.P L,2,Freden Toni,False,False,4,1,https://tulospalvelu.palloliitto.fi/match/4053652/lineups
4053652,FC Viikingit/S.C.P L,Ariana FC,FC Viikingit/S.C.P L,5,Blomqvist Niclas,False,False,4,1,https://tulospalvelu.palloliitto.fi/match/4053652/lineups
4053652,FC Viikingit/S.C.P L,Ariana FC,FC Viikingit/S.C.P L,7,Rauhala Jarkko,False,False,4,1,https://tulospalvelu.palloliitto.fi/match/4053652/lineups
4053652,FC Viikingit/S.C.P L,Ariana FC,FC Viikingit/S.C.P L,8,Piekiäinen Vesa,False,False,4,1,https://tulospalvelu.palloliitto.fi/match/4053652/lineups
4053652,FC Viikingit/S.C.P L,Ariana FC,FC Viikingit/S.C.P L,9,Ritola Mika,False,False,4,1,https://tulospalvelu.palloliitto.fi/match/4053652/lineups
4053652,FC Viikingit/S.C.P L,Ariana FC,FC Viikingit/S.C.P L,10,Honkanen Tony,False,False,4,1,https://tulospalvelu.palloliitto.fi/match/4053652/lineups
4053652,FC Viikingit/S.C.P L,Ariana FC,FC Viikingit/S.C.P L,11,Freden Niko,False,False,4,1,https://tulospalvelu.palloliitto.fi/match/4053652/lineups
4053652,FC Viikingit/S.C.P L,Ariana FC,FC Viikingit/S.C.P L,12,Kujama Jukka,False,False,4,1,https://tulospalvelu.palloliitto.fi/match/4053652/lineups
4053652,FC Viikingit/S.C.P L,Ariana FC,FC Viikingit/S.C.P L,15,Laaksonen Iiro,False,False,4,1,https://tulospalvelu.palloliitto.fi/match/4053652/lineups
4053652,FC Viikingit/S.C.P L,Ariana FC,FC Viikingit/S.C.P L,18,Simula Kristoffer,False,False,4,1,https://tulospalvelu.palloliitto.fi/match/4053652/lineups
4053652,FC Viikingit/S.C.P L,Ariana FC,FC Viikingit/S.C.P L,23,Kunnas Jere,False,False,4,1,https://tulospalvelu.palloliitto.fi/match/4053652/lineups
4053652,FC Viikingit/S.C.P L,Ariana FC,FC Viikingit/S.C.P L,24,Forsten Jonne,False,False,4,1,https://tulospalvelu.palloliitto.fi/match/4053652/lineups
4053652,FC Viikingit/S.C.P L,Ariana FC,FC Viikingit/S.C.P L,32,Kunnas Riku,False,False,4,1,https://tulospalvelu.palloliitto.fi/match/4053652/lineups
4053652,FC Viikingit/S.C.P L,Ariana FC,FC Viikingit/S.C.P L,62,Sainomaa Aapo,False,False,4,1,https://tulospalvelu.palloliitto.fi/match/4053652/lineups
4053652,FC Viikingit/S.C.P L,Ariana FC,FC Viikingit/S.C.P L,99,Tiensuu Mika,False,False,4,1,https://tulospalvelu.palloliitto.fi/match/4053652/lineups
4053652,FC Viikingit/S.C.P L,Ariana FC,Ariana FC,1,Hämäläinen Tero,True,False,1,4,https://tulospalvelu.palloliitto.fi/match/4053652/lineups
4053652,FC Viikingit/S.C.P L,Ariana FC,Ariana FC,3,Ghorbani Alex,False,False,1,4,https://tulospalvelu.palloliitto.fi/match/4053652/lineups
4053652,FC Viikingit/S.C.P L,Ariana FC,Ariana FC,4,Sharifi Farhad,False,False,1,4,https://tulospalvelu.palloliitto.fi/match/4053652/lineups
4053652,FC Viikingit/S.C.P L,Ariana FC,Ariana FC,5,Razm Rama,False,False,1,4,https://tulospalvelu.palloliitto.fi/match/4053652/lineups
4053652,FC Viikingit/S.C.P L,Ariana FC,Ariana FC,6,Mohammad Tajik,False,False,1,4,https://tulospalvelu.palloliitto.fi/match/4053652/lineups
4053652,FC Viikingit/S.C.P L,Ariana FC,Ariana FC,7,Javad Ahmadi,False,False,1,4,https://tulospalvelu.palloliitto.fi/match/4053652/lineups
4053652,FC Viikingit/S.C.P L,Ariana FC,Ariana FC,8,Ahmadi Omid,False,False,1,4,https://tulospalvelu.palloliitto.fi/match/4053652/lineups
4053652,FC Viikingit/S.C.P L,Ariana FC,Ariana FC,9,Rassouli Ali,False,False,1,4,https://tulospalvelu.palloliitto.fi/match/4053652/lineups
4053652,FC Viikingit/S.C.P L,Ariana FC,Ariana FC,11,Ahmed Ahmedi,False,False,1,4,https://tulospalvelu.palloliitto.fi/match/4053652/lineups
4053652,FC Viikingit/S.C.P L,Ariana FC,Ariana FC,12,Saeidi Seyyed Morteza,False,False,1,4,https://tulospalvelu.palloliitto.fi/match/4053652/lineups
4053652,FC Viikingit/S.C.P L,Ariana FC,Ariana FC,17,Hafaz Musa,False,False,1,4,https://tulospalvelu.palloliitto.fi/match/4053652/lineups
4053652,FC Viikingit/S.C.P L,Ariana FC,Ariana FC,20,Pirveisi Mohammedreza,False,False,1,4,https://tulospalvelu.palloliitto.fi/match/4053652/lineups
4053652,FC Viikingit/S.C.P L,Ariana FC,Ariana FC,90,Sharifi Farshad,False,False,1,4,https://tulospalvelu.palloliitto.fi/match/4053652/lineups
4053649,MK United/Warriors,VAMOL/Myyrmäki,MK United/Warriors,13,Mohamed Muqtar,True,False,1,3,https://tulospalvelu.palloliitto.fi/match/4053649/lineups
4053649,MK United/Warriors,VAMOL/Myyrmäki,MK United/Warriors,2,Elmi Mohamed,False,False,1,3,https://tulospalvelu.palloliitto.fi/match/4053649/lineups
4053649,MK United/Warriors,VAMOL/Myyrmäki,MK United/Warriors,3,Kamitsha Julio Mayasio,False,False,1,3,https://tulospalvelu.palloliitto.fi/match/4053649/lineups
4053649,MK United/Warriors,VAMOL/Myyrmäki,MK United/Warriors,4,Jusufi Ermal,False,False,1,3,https://tulospalvelu.palloliitto.fi/match/4053649/lineups
4053649,MK United/Warriors,VAMOL/Myyrmäki,MK United/Warriors,5,Ibrahim Hashim,False,False,1,3,https://tulospalvelu.palloliitto.fi/match/4053649/lineups
4053649,MK United/Warriors,VAMOL/Myyrmäki,MK United/Warriors,7,Hamunen Ville,False,False,1,3,https://tulospalvelu.palloliitto.fi/match/4053649/lineups
4053649,MK United/Warriors,VAMOL/Myyrmäki,MK United/Warriors,9,Najat Mid,False,False,1,3,https://tulospalvelu.palloliitto.fi/match/4053649/lineups
4053649,MK United/Warriors,VAMOL/Myyrmäki,MK United/Warriors,10,Amon Filandson,False,False,1,3,https://tulospalvelu.palloliitto.fi/match/4053649/lineups
4053649,MK United/Warriors,VAMOL/Myyrmäki,MK United/Warriors,12,Karppinen Konsta,False,False,1,3,https://tulospalvelu.palloliitto.fi/match/4053649/lineups
4053649,MK United/Warriors,VAMOL/Myyrmäki,MK United/Warriors,15,Ramadani Muhamed,False,False,1,3,https://tulospalvelu.palloliitto.fi/match/4053649/lineups
4053649,MK United/Warriors,VAMOL/Myyrmäki,MK United/Warriors,16,Kryeziu Perparim,False,False,1,3,https://tulospalvelu.palloliitto.fi/match/4053649/lineups
4053649,MK United/Warriors,VAMOL/Myyrmäki,MK United/Warriors,17,Wetu Benjamin,False,False,1,3,https://tulospalvelu.palloliitto.fi/match/4053649/lineups
4053649,MK United/Warriors,VAMOL/Myyrmäki,MK United/Warriors,18,Yusuf Yasiin,False,False,1,3,https://tulospalvelu.palloliitto.fi/match/4053649/lineups
4053649,MK United/Warriors,VAMOL/Myyrmäki,MK United/Warriors,21,Egal Ahmed Osman,False,False,1,3,https://tulospalvelu.palloliitto.fi/match/4053649/lineups
4053649,MK United/Warriors,VAMOL/Myyrmäki,VAMOL/Myyrmäki,1,Sharmake Yusuf,True,True,3,1,https://tulospalvelu.palloliitto.fi/match/4053649/lineups
4053649,MK United/Warriors,VAMOL/Myyrmäki,VAMOL/Myyrmäki,3,Moalin-Elmi Khalid,False,False,3,1,https://tulospalvelu.palloliitto.fi/match/4053649/lineups
4053649,MK United/Warriors,VAMOL/Myyrmäki,VAMOL/Myyrmäki,4,Kalif Kalif Mohamed,False,False,3,1,https://tulospalvelu.palloliitto.fi/match/4053649/lineups
4053649,MK United/Warriors,VAMOL/Myyrmäki,VAMOL/Myyrmäki,5,Aybakar Muscab,False,False,3,1,https://tulospalvelu.palloliitto.fi/match/4053649/lineups
4053649,MK United/Warriors,VAMOL/Myyrmäki,VAMOL/Myyrmäki,7,Mohamed Jabir,False,False,3,1,https://tulospalvelu.palloliitto.fi/match/4053649/lineups
4053649,MK United/Warriors,VAMOL/Myyrmäki,VAMOL/Myyrmäki,8,Abdi Mohamed Jr,False,False,3,1,https://tulospalvelu.palloliitto.fi/match/4053649/lineups
4053649,MK United/Warriors,VAMOL/Myyrmäki,VAMOL/Myyrmäki,9,Ahmed Abdirahman,False,False,3,1,https://tulospalvelu.palloliitto.fi/match/4053649/lineups
4053649,MK United/Warriors,VAMOL/Myyrmäki,VAMOL/Myyrmäki,10,Mohammed Abdirahman Ahmed,False,False,3,1,https://tulospalvelu.palloliitto.fi/match/4053649/lineups
4053649,MK United/Warriors,VAMOL/Myyrmäki,VAMOL/Myyrmäki,11,Said Mahamed,False,False,3,1,https://tulospalvelu.palloliitto.fi/match/4053649/lineups
4053649,MK United/Warriors,VAMOL/Myyrmäki,VAMOL/Myyrmäki,12,Hashi Abdirisaq,False,False,3,1,https://tulospalvelu.palloliitto.fi/match/4053649/lineups
4053649,MK United/Warriors,VAMOL/Myyrmäki,VAMOL/Myyrmäki,13,Yuusuf Ali,False,False,3,1,https://tulospalvelu.palloliitto.fi/match/4053649/lineups
4053649,MK United/Warriors,VAMOL/Myyrmäki,VAMOL/Myyrmäki,16,Yussuf Abdikhaliq,False,False,3,1,https://tulospalvelu.palloliitto.fi/match/4053649/lineups
4053649,MK United/Warriors,VAMOL/Myyrmäki,VAMOL/Myyrmäki,17,Hussein Saadsq,False,False,3,1,https://tulospalvelu.palloliitto.fi/match/4053649/lineups
4053649,MK United/Warriors,VAMOL/Myyrmäki,VAMOL/Myyrmäki,18,Ahmed Samatar,False,False,3,1,https://tulospalvelu.palloliitto.fi/match/4053649/lineups
4053648,Ruila,Trikiinit,Ruila,1,Kettunen Jukka,True,False,2,3,https://tulospalvelu.palloliitto.fi/match/4053648/lineups
4053648,Ruila,Trikiinit,Ruila,4,Hailikari Niki,False,True,2,3,https://tulospalvelu.palloliitto.fi/match/4053648/lineups
4053648,Ruila,Trikiinit,Ruila,5,Paldanius Niklas,False,False,2,3,https://tulospalvelu.palloliitto.fi/match/4053648/lineups
4053648,Ruila,Trikiinit,Ruila,6,Sejdaj Arjanit,False,False,2,3,https://tulospalvelu.palloliitto.fi/match/4053648/lineups
4053648,Ruila,Trikiinit,Ruila,7,Valli Jone,False,False,2,3,https://tulospalvelu.palloliitto.fi/match/4053648/lineups
4053648,Ruila,Trikiinit,Ruila,16,Puolakka Tommi,False,False,2,3,https://tulospalvelu.palloliitto.fi/match/4053648/lineups
4053648,Ruila,Trikiinit,Ruila,18,Merta Aleksi,False,False,2,3,https://tulospalvelu.palloliitto.fi/match/4053648/lineups
4053648,Ruila,Trikiinit,Ruila,20,Tenn Sebastian,False,False,2,3,https://tulospalvelu.palloliitto.fi/match/4053648/lineups
4053648,Ruila,Trikiinit,Ruila,22,Koponen Eeli,False,False,2,3,https://tulospalvelu.palloliitto.fi/match/4053648/lineups
4053648,Ruila,Trikiinit,Ruila,25,Väisänen Ari Tapio,False,False,2,3,https://tulospalvelu.palloliitto.fi/match/4053648/lineups
4053648,Ruila,Trikiinit,Ruila,26,Klockars Otto,False,False,2,3,https://tulospalvelu.palloliitto.fi/match/4053648/lineups
4053648,Ruila,Trikiinit,Ruila,28,Paavilainen Jim,False,False,2,3,https://tulospalvelu.palloliitto.fi/match/4053648/lineups
4053648,Ruila,Trikiinit,Ruila,29,Vahtola Oliver,False,False,2,3,https://tulospalvelu.palloliitto.fi/match/4053648/lineups
4053648,Ruila,Trikiinit,Ruila,35,Virtanen Eemil,False,False,2,3,https://tulospalvelu.palloliitto.fi/match/4053648/lineups
4053648,Ruila,Trikiinit,Ruila,37,Kartano Sami,False,False,2,3,https://tulospalvelu.palloliitto.fi/match/4053648/lineups
4053648,Ruila,Trikiinit,Ruila,38,Sadiku Diard,False,False,2,3,https://tulospalvelu.palloliitto.fi/match/4053648/lineups
4053648,Ruila,Trikiinit,Ruila,42,Ärilä Niklas,False,False,2,3,https://tulospalvelu.palloliitto.fi/match/4053648/lineups
4053648,Ruila,Trikiinit,Ruila,88,Tallqvist Noel,False,False,2,3,https://tulospalvelu.palloliitto.fi/match/4053648/lineups
4053648,Ruila,Trikiinit,Trikiinit,18,Toivonen Jaakko,True,True,3,2,https://tulospalvelu.palloliitto.fi/match/4053648/lineups
4053648,Ruila,Trikiinit,Trikiinit,3,Nieminen Lauri,False,False,3,2,https://tulospalvelu.palloliitto.fi/match/4053648/lineups
4053648,Ruila,Trikiinit,Trikiinit,5,Vattulainen Taisto,False,False,3,2,https://tulospalvelu.palloliitto.fi/match/4053648/lineups
4053648,Ruila,Trikiinit,Trikiinit,7,Owusu Kenneth,False,False,3,2,https://tulospalvelu.palloliitto.fi/match/4053648/lineups
4053648,Ruila,Trikiinit,Trikiinit,10,Asikainen Topi,False,False,3,2,https://tulospalvelu.palloliitto.fi/match/4053648/lineups
4053648,Ruila,Trikiinit,Trikiinit,11,Wahlman Jere,False,False,3,2,https://tulospalvelu.palloliitto.fi/match/4053648/lineups
4053648,Ruila,Trikiinit,Trikiinit,12,Kyyrä Tomi,False,False,3,2,https://tulospalvelu.palloliitto.fi/match/4053648/lineups
4053648,Ruila,Trikiinit,Trikiinit,13,Eklund Mikael,False,False,3,2,https://tulospalvelu.palloliitto.fi/match/4053648/lineups
4053648,Ruila,Trikiinit,Trikiinit,15,Pulliainen Joel,False,False,3,2,https://tulospalvelu.palloliitto.fi/match/4053648/lineups
4053648,Ruila,Trikiinit,Trikiinit,19,Hassan Amir,False,False,3,2,https://tulospalvelu.palloliitto.fi/match/4053648/lineups
4053648,Ruila,Trikiinit,Trikiinit,20,Mether Mikael,False,False,3,2,https://tulospalvelu.palloliitto.fi/match/4053648/lineups
4053648,Ruila,Trikiinit,Trikiinit,21,Winberg Matias,False,False,3,2,https://tulospalvelu.palloliitto.fi/match/4053648/lineups
4053648,Ruila,Trikiinit,Trikiinit,23,Mohamed Mohamud,False,False,3,2,https://tulospalvelu.palloliitto.fi/match/4053648/lineups
4053648,Ruila,Trikiinit,Trikiinit,29,Winberg Joni,False,False,3,2,https://tulospalvelu.palloliitto.fi/match/4053648/lineups
4053648,Ruila,Trikiinit,Trikiinit,30,Laasonen Mikko,False,False,3,2,https://tulospalvelu.palloliitto.fi/match/4053648/lineups
4053648,Ruila,Trikiinit,Trikiinit,31,Parviainen Roope-Jussi,False,False,3,2,https://tulospalvelu.palloliitto.fi/match/4053648/lineups
4053646,VAMOL/Myyrmäki,Scorpions,VAMOL/Myyrmäki,1,Moalin-Elmi Khalid,True,False,3,2,https://tulospalvelu.palloliitto.fi/match/4053646/lineups
4053646,VAMOL/Myyrmäki,Scorpions,VAMOL/Myyrmäki,2,Sharmake Yusuf,False,False,3,2,https://tulospalvelu.palloliitto.fi/match/4053646/lineups
4053646,VAMOL/Myyrmäki,Scorpions,VAMOL/Myyrmäki,4,Kalif Kalif Mohamed,False,True,3,2,https://tulospalvelu.palloliitto.fi/match/4053646/lineups
4053646,VAMOL/Myyrmäki,Scorpions,VAMOL/Myyrmäki,5,Aybakar Muscab,False,False,3,2,https://tulospalvelu.palloliitto.fi/match/4053646/lineups
4053646,VAMOL/Myyrmäki,Scorpions,VAMOL/Myyrmäki,7,Mohamed Jabir,False,False,3,2,https://tulospalvelu.palloliitto.fi/match/4053646/lineups
4053646,VAMOL/Myyrmäki,Scorpions,VAMOL/Myyrmäki,8,Abdi Mohamed Jr,False,False,3,2,https://tulospalvelu.palloliitto.fi/match/4053646/lineups
4053646,VAMOL/Myyrmäki,Scorpions,VAMOL/Myyrmäki,9,Ahmed Abdirahman,False,False,3,2,https://tulospalvelu.palloliitto.fi/match/4053646/lineups
4053646,VAMOL/Myyrmäki,Scorpions,VAMOL/Myyrmäki,10,Mohammed Abdirahman Ahmed,False,False,3,2,https://tulospalvelu.palloliitto.fi/match/4053646/lineups
4053646,VAMOL/Myyrmäki,Scorpions,VAMOL/Myyrmäki,11,Said Mahamed,False,False,3,2,https://tulospalvelu.palloliitto.fi/match/4053646/lineups
4053646,VAMOL/Myyrmäki,Scorpions,VAMOL/Myyrmäki,12,Hashi Abdirisaq,False,False,3,2,https://tulospalvelu.palloliitto.fi/match/4053646/lineups
4053646,VAMOL/Myyrmäki,Scorpions,VAMOL/Myyrmäki,13,Yuusuf Ali,False,False,3,2,https://tulospalvelu.palloliitto.fi/match/4053646/lineups
4053646,VAMOL/Myyrmäki,Scorpions,VAMOL/Myyrmäki,16,Yussuf Abdikhaliq,False,False,3,2,https://tulospalvelu.palloliitto.fi/match/4053646/lineups
4053646,VAMOL/Myyrmäki,Scorpions,VAMOL/Myyrmäki,17,Hussein Saadsq,False,False,3,2,https://tulospalvelu.palloliitto.fi/match/4053646/lineups
4053646,VAMOL/Myyrmäki,Scorpions,VAMOL/Myyrmäki,18,Ahmed Samatar,False,False,3,2,https://tulospalvelu.palloliitto.fi/match/4053646/lineups
4053646,VAMOL/Myyrmäki,Scorpions,Scorpions,,Jarju Lamin,True,False,2,3,https://tulospalvelu.palloliitto.fi/match/4053646/lineups
4053646,VAMOL/Myyrmäki,Scorpions,Scorpions,,Joof Abdoukarim,True,False,2,3,https://tulospalvelu.palloliitto.fi/match/4053646/lineups
4053646,VAMOL/Myyrmäki,Scorpions,Scorpions,,Baio Lamin K.,False,False,2,3,https://tulospalvelu.palloliitto.fi/match/4053646/lineups
4053646,VAMOL/Myyrmäki,Scorpions,Scorpions,,Beyai Lamin,False,False,2,3,https://tulospalvelu.palloliitto.fi/match/4053646/lineups
4053646,VAMOL/Myyrmäki,Scorpions,Scorpions,,Jammeh Adama,False,False,2,3,https://tulospalvelu.palloliitto.fi/match/4053646/lineups
4053646,VAMOL/Myyrmäki,Scorpions,Scorpions,,Jobe Maceesay,False,False,2,3,https://tulospalvelu.palloliitto.fi/match/4053646/lineups
4053646,VAMOL/Myyrmäki,Scorpions,Scorpions,1,Manneh Ousman,False,False,2,3,https://tulospalvelu.palloliitto.fi/match/4053646/lineups
4053646,VAMOL/Myyrmäki,Scorpions,Scorpions,3,Gaye Haruna,False,False,2,3,https://tulospalvelu.palloliitto.fi/match/4053646/lineups
4053646,VAMOL/Myyrmäki,Scorpions,Scorpions,5,Jabbie Mbemba,False,False,2,3,https://tulospalvelu.palloliitto.fi/match/4053646/lineups
4053646,VAMOL/Myyrmäki,Scorpions,Scorpions,8,Suso Mba,False,False,2,3,https://tulospalvelu.palloliitto.fi/match/4053646/lineups
4053646,VAMOL/Myyrmäki,Scorpions,Scorpions,10,Gibba Buba,False,True,2,3,https://tulospalvelu.palloliitto.fi/match/4053646/lineups
4053646,VAMOL/Myyrmäki,Scorpions,Scorpions,12,Corr Muhammed,False,False,2,3,https://tulospalvelu.palloliitto.fi/match/4053646/lineups
4053646,VAMOL/Myyrmäki,Scorpions,Scorpions,13,Touray Modou (Omar),False,False,2,3,https://tulospalvelu.palloliitto.fi/match/4053646/lineups
4053646,VAMOL/Myyrmäki,Scorpions,Scorpions,14,Camara Dukara Malamin,False,False,2,3,https://tulospalvelu.palloliitto.fi/match/4053646/lineups
4053646,VAMOL/Myyrmäki,Scorpions,Scorpions,16,Bah Yerro,False,False,2,3,https://tulospalvelu.palloliitto.fi/match/4053646/lineups
4053646,VAMOL/Myyrmäki,Scorpions,Scorpions,17,Camara Habibou,False,False,2,3,https://tulospalvelu.palloliitto.fi/match/4053646/lineups
4053646,VAMOL/Myyrmäki,Scorpions,Scorpions,18,Ebrima Sillah,False,False,2,3,https://tulospalvelu.palloliitto.fi/match/4053646/lineups
4053646,VAMOL/Myyrmäki,Scorpions,Scorpions,19,Bajo Sheriff,False,False,2,3,https://tulospalvelu.palloliitto.fi/match/4053646/lineups
4053643,Millbrook FC,MK United/Warriors,Millbrook FC,,Fox Samuel,False,False,0,3,https://tulospalvelu.palloliitto.fi/match/4053643/lineups
4053643,Millbrook FC,MK United/Warriors,Millbrook FC,,Kanninen Vitali,False,False,0,3,https://tulospalvelu.palloliitto.fi/match/4053643/lineups
4053643,Millbrook FC,MK United/Warriors,Millbrook FC,,Oghbasilasie Daniel,False,False,0,3,https://tulospalvelu.palloliitto.fi/match/4053643/lineups
4053643,Millbrook FC,MK United/Warriors,Millbrook FC,2,Al Hmedawi Ahmed,False,False,0,3,https://tulospalvelu.palloliitto.fi/match/4053643/lineups
4053643,Millbrook FC,MK United/Warriors,Millbrook FC,4,Kilpinen Antero,False,False,0,3,https://tulospalvelu.palloliitto.fi/match/4053643/lineups
4053643,Millbrook FC,MK United/Warriors,Millbrook FC,5,Ali Kazim,False,False,0,3,https://tulospalvelu.palloliitto.fi/match/4053643/lineups
4053643,Millbrook FC,MK United/Warriors,Millbrook FC,5,Forslund Tony,False,False,0,3,https://tulospalvelu.palloliitto.fi/match/4053643/lineups
4053643,Millbrook FC,MK United/Warriors,Millbrook FC,8,Ojala Tuomas,False,False,0,3,https://tulospalvelu.palloliitto.fi/match/4053643/lineups
4053643,Millbrook FC,MK United/Warriors,Millbrook FC,9,Kasim Ahmed,False,False,0,3,https://tulospalvelu.palloliitto.fi/match/4053643/lineups
4053643,Millbrook FC,MK United/Warriors,Millbrook FC,10,Aslan Mirac,False,False,0,3,https://tulospalvelu.palloliitto.fi/match/4053643/lineups
4053643,Millbrook FC,MK United/Warriors,Millbrook FC,11,Ojala Teemu,False,False,0,3,https://tulospalvelu.palloliitto.fi/match/4053643/lineups
4053643,Millbrook FC,MK United/Warriors,Millbrook FC,14,Laitinen Joni,False,False,0,3,https://tulospalvelu.palloliitto.fi/match/4053643/lineups
4053643,Millbrook FC,MK United/Warriors,Millbrook FC,15,Le Quoc Phong,False,False,0,3,https://tulospalvelu.palloliitto.fi/match/4053643/lineups
4053643,Millbrook FC,MK United/Warriors,Millbrook FC,20,Daoussi Rachid,False,False,0,3,https://tulospalvelu.palloliitto.fi/match/4053643/lineups
4053643,Millbrook FC,MK United/Warriors,Millbrook FC,99,Hotanen Valtteri,False,False,0,3,https://tulospalvelu.palloliitto.fi/match/4053643/lineups
4053643,Millbrook FC,MK United/Warriors,MK United/Warriors,,Amon Filandson,False,False,3,0,https://tulospalvelu.palloliitto.fi/match/4053643/lineups
4053643,Millbrook FC,MK United/Warriors,MK United/Warriors,,Egal Ahmed Osman,False,False,3,0,https://tulospalvelu.palloliitto.fi/match/4053643/lineups
4053643,Millbrook FC,MK United/Warriors,MK United/Warriors,,Elmi Mohamed,False,False,3,0,https://tulospalvelu.palloliitto.fi/match/4053643/lineups
4053643,Millbrook FC,MK United/Warriors,MK United/Warriors,,Hallaj Mahdi,False,False,3,0,https://tulospalvelu.palloliitto.fi/match/4053643/lineups
4053643,Millbrook FC,MK United/Warriors,MK United/Warriors,,Hyppönen Ilmari,False,False,3,0,https://tulospalvelu.palloliitto.fi/match/4053643/lineups
4053643,Millbrook FC,MK United/Warriors,MK United/Warriors,,Kamitsha Julio Mayasio,False,False,3,0,https://tulospalvelu.palloliitto.fi/match/4053643/lineups
4053643,Millbrook FC,MK United/Warriors,MK United/Warriors,,Karppinen Konsta,False,False,3,0,https://tulospalvelu.palloliitto.fi/match/4053643/lineups
4053643,Millbrook FC,MK United/Warriors,MK United/Warriors,,Kryeziu Perparim,False,False,3,0,https://tulospalvelu.palloliitto.fi/match/4053643/lineups
4053643,Millbrook FC,MK United/Warriors,MK United/Warriors,,Landu Zoe,False,False,3,0,https://tulospalvelu.palloliitto.fi/match/4053643/lineups
4053643,Millbrook FC,MK United/Warriors,MK United/Warriors,,Mohamed Muqtar,False,False,3,0,https://tulospalvelu.palloliitto.fi/match/4053643/lineups
4053643,Millbrook FC,MK United/Warriors,MK United/Warriors,,Nguyen Anh Khanh,False,False,3,0,https://tulospalvelu.palloliitto.fi/match/4053643/lineups
4053643,Millbrook FC,MK United/Warriors,MK United/Warriors,,Nousiainen Tuukka,False,False,3,0,https://tulospalvelu.palloliitto.fi/match/4053643/lineups
4053643,Millbrook FC,MK United/Warriors,MK United/Warriors,,Simanis Silard,False,False,3,0,https://tulospalvelu.palloliitto.fi/match/4053643/lineups
4053643,Millbrook FC,MK United/Warriors,MK United/Warriors,,Wetu Benjamin,False,False,3,0,https://tulospalvelu.palloliitto.fi/match/4053643/lineups
4053643,Millbrook FC,MK United/Warriors,MK United/Warriors,,Yusuf Yasiin,False,False,3,0,https://tulospalvelu.palloliitto.fi/match/4053643/lineups
4053644,Ariana FC,PK-35/Legendat,Ariana FC,77,Razm Rama,True,False,3,10,https://tulospalvelu.palloliitto.fi/match/4053644/lineups
4053644,Ariana FC,PK-35/Legendat,Ariana FC,1,Sharifi Farshad,False,False,3,10,https://tulospalvelu.palloliitto.fi/match/4053644/lineups
4053644,Ariana FC,PK-35/Legendat,Ariana FC,4,Saeidi Seyyed Morteza,False,False,3,10,https://tulospalvelu.palloliitto.fi/match/4053644/lineups
4053644,Ariana FC,PK-35/Legendat,Ariana FC,6,Mohammad Tajik,False,False,3,10,https://tulospalvelu.palloliitto.fi/match/4053644/lineups
4053644,Ariana FC,PK-35/Legendat,Ariana FC,7,Javad Ahmadi,False,False,3,10,https://tulospalvelu.palloliitto.fi/match/4053644/lineups
4053644,Ariana FC,PK-35/Legendat,Ariana FC,8,Ahmadi Omid,False,False,3,10,https://tulospalvelu.palloliitto.fi/match/4053644/lineups
4053644,Ariana FC,PK-35/Legendat,Ariana FC,9,Ghorbani Alex,False,False,3,10,https://tulospalvelu.palloliitto.fi/match/4053644/lineups
4053644,Ariana FC,PK-35/Legendat,Ariana FC,11,Hafaz Musa,False,False,3,10,https://tulospalvelu.palloliitto.fi/match/4053644/lineups
4053644,Ariana FC,PK-35/Legendat,Ariana FC,12,Rassouli Ali,False,False,3,10,https://tulospalvelu.palloliitto.fi/match/4053644/lineups
4053644,Ariana FC,PK-35/Legendat,Ariana FC,20,Sharifi Farhad,False,False,3,10,https://tulospalvelu.palloliitto.fi/match/4053644/lineups
4053644,Ariana FC,PK-35/Legendat,Ariana FC,23,Pirveisi Mohammedreza,False,False,3,10,https://tulospalvelu.palloliitto.fi/match/4053644/lineups
4053644,Ariana FC,PK-35/Legendat,Ariana FC,30,Hämäläinen Tero,False,False,3,10,https://tulospalvelu.palloliitto.fi/match/4053644/lineups
4053644,Ariana FC,PK-35/Legendat,PK-35/Legendat,88,Moor Marlon,True,False,10,3,https://tulospalvelu.palloliitto.fi/match/4053644/lineups
4053644,Ariana FC,PK-35/Legendat,PK-35/Legendat,2,Aarnos Onni,False,False,10,3,https://tulospalvelu.palloliitto.fi/match/4053644/lineups
4053644,Ariana FC,PK-35/Legendat,PK-35/Legendat,9,Perevalov Boris,False,False,10,3,https://tulospalvelu.palloliitto.fi/match/4053644/lineups
4053644,Ariana FC,PK-35/Legendat,PK-35/Legendat,10,Marttinen Kai,False,False,10,3,https://tulospalvelu.palloliitto.fi/match/4053644/lineups
4053644,Ariana FC,PK-35/Legendat,PK-35/Legendat,13,Ehsan Ahmad Sodais,False,False,10,3,https://tulospalvelu.palloliitto.fi/match/4053644/lineups
4053644,Ariana FC,PK-35/Legendat,PK-35/Legendat,14,Shafaei Sajad,False,False,10,3,https://tulospalvelu.palloliitto.fi/match/4053644/lineups
4053644,Ariana FC,PK-35/Legendat,PK-35/Legendat,25,Hakala Niki,False,False,10,3,https://tulospalvelu.palloliitto.fi/match/4053644/lineups
4053644,Ariana FC,PK-35/Legendat,PK-35/Legendat,27,Puistola Niko,False,True,10,3,https://tulospalvelu.palloliitto.fi/match/4053644/lineups
4053644,Ariana FC,PK-35/Legendat,PK-35/Legendat,28,Hussein Abduljabar,False,False,10,3,https://tulospalvelu.palloliitto.fi/match/4053644/lineups
4053644,Ariana FC,PK-35/Legendat,PK-35/Legendat,38,Djabanor Jasper,False,False,10,3,https://tulospalvelu.palloliitto.fi/match/4053644/lineups
4053644,Ariana FC,PK-35/Legendat,PK-35/Legendat,77,Talja Dmitrii,False,False,10,3,https://tulospalvelu.palloliitto.fi/match/4053644/lineups
4053645,Trikiinit,FC Viikingit/S.C.P L,Trikiinit,18,Toivonen Jaakko,True,True,2,0,https://tulospalvelu.palloliitto.fi/match/4053645/lineups
4053645,Trikiinit,FC Viikingit/S.C.P L,Trikiinit,3,Nieminen Lauri,False,False,2,0,https://tulospalvelu.palloliitto.fi/match/4053645/lineups
4053645,Trikiinit,FC Viikingit/S.C.P L,Trikiinit,5,Vattulainen Taisto,False,False,2,0,https://tulospalvelu.palloliitto.fi/match/4053645/lineups
4053645,Trikiinit,FC Viikingit/S.C.P L,Trikiinit,7,Owusu Kenneth,False,False,2,0,https://tulospalvelu.palloliitto.fi/match/4053645/lineups
4053645,Trikiinit,FC Viikingit/S.C.P L,Trikiinit,9,Koivula Juho,False,False,2,0,https://tulospalvelu.palloliitto.fi/match/4053645/lineups
4053645,Trikiinit,FC Viikingit/S.C.P L,Trikiinit,10,Asikainen Topi,False,False,2,0,https://tulospalvelu.palloliitto.fi/match/4053645/lineups
4053645,Trikiinit,FC Viikingit/S.C.P L,Trikiinit,11,Wahlman Jere,False,False,2,0,https://tulospalvelu.palloliitto.fi/match/4053645/lineups
4053645,Trikiinit,FC Viikingit/S.C.P L,Trikiinit,12,Kyyrä Tomi,False,False,2,0,https://tulospalvelu.palloliitto.fi/match/4053645/lineups
4053645,Trikiinit,FC Viikingit/S.C.P L,Trikiinit,13,Eklund Mikael,False,False,2,0,https://tulospalvelu.palloliitto.fi/match/4053645/lineups
4053645,Trikiinit,FC Viikingit/S.C.P L,Trikiinit,14,Theo Auer,False,False,2,0,https://tulospalvelu.palloliitto.fi/match/4053645/lineups
4053645,Trikiinit,FC Viikingit/S.C.P L,Trikiinit,15,Pulliainen Joel,False,False,2,0,https://tulospalvelu.palloliitto.fi/match/4053645/lineups
4053645,Trikiinit,FC Viikingit/S.C.P L,Trikiinit,19,Hassan Amir,False,False,2,0,https://tulospalvelu.palloliitto.fi/match/4053645/lineups
4053645,Trikiinit,FC Viikingit/S.C.P L,Trikiinit,20,Mether Mikael,False,False,2,0,https://tulospalvelu.palloliitto.fi/match/4053645/lineups
4053645,Trikiinit,FC Viikingit/S.C.P L,Trikiinit,21,Winberg Matias,False,False,2,0,https://tulospalvelu.palloliitto.fi/match/4053645/lineups
4053645,Trikiinit,FC Viikingit/S.C.P L,Trikiinit,23,Mohamed Mohamud,False,False,2,0,https://tulospalvelu.palloliitto.fi/match/4053645/lineups
4053645,Trikiinit,FC Viikingit/S.C.P L,Trikiinit,29,Winberg Joni,False,False,2,0,https://tulospalvelu.palloliitto.fi/match/4053645/lineups
4053645,Trikiinit,FC Viikingit/S.C.P L,Trikiinit,30,Laasonen Mikko,False,False,2,0,https://tulospalvelu.palloliitto.fi/match/4053645/lineups
4053645,Trikiinit,FC Viikingit/S.C.P L,Trikiinit,31,Parviainen Roope-Jussi,False,False,2,0,https://tulospalvelu.palloliitto.fi/match/4053645/lineups
4053645,Trikiinit,FC Viikingit/S.C.P L,FC Viikingit/S.C.P L,1,Virtanen Riku,True,False,0,2,https://tulospalvelu.palloliitto.fi/match/4053645/lineups
4053645,Trikiinit,FC Viikingit/S.C.P L,FC Viikingit/S.C.P L,2,Freden Toni,False,False,0,2,https://tulospalvelu.palloliitto.fi/match/4053645/lineups
4053645,Trikiinit,FC Viikingit/S.C.P L,FC Viikingit/S.C.P L,4,Kunnas Jere,False,False,0,2,https://tulospalvelu.palloliitto.fi/match/4053645/lineups
4053645,Trikiinit,FC Viikingit/S.C.P L,FC Viikingit/S.C.P L,5,Blomqvist Niclas,False,False,0,2,https://tulospalvelu.palloliitto.fi/match/4053645/lineups
4053645,Trikiinit,FC Viikingit/S.C.P L,FC Viikingit/S.C.P L,7,Rauhala Jarkko,False,False,0,2,https://tulospalvelu.palloliitto.fi/match/4053645/lineups
4053645,Trikiinit,FC Viikingit/S.C.P L,FC Viikingit/S.C.P L,8,Piekiäinen Vesa,False,False,0,2,https://tulospalvelu.palloliitto.fi/match/4053645/lineups
4053645,Trikiinit,FC Viikingit/S.C.P L,FC Viikingit/S.C.P L,9,Ritola Mika,False,False,0,2,https://tulospalvelu.palloliitto.fi/match/4053645/lineups
4053645,Trikiinit,FC Viikingit/S.C.P L,FC Viikingit/S.C.P L,10,Mutikainen Jesse,False,False,0,2,https://tulospalvelu.palloliitto.fi/match/4053645/lineups
4053645,Trikiinit,FC Viikingit/S.C.P L,FC Viikingit/S.C.P L,11,Kunnas Riku,False,False,0,2,https://tulospalvelu.palloliitto.fi/match/4053645/lineups
4053645,Trikiinit,FC Viikingit/S.C.P L,FC Viikingit/S.C.P L,12,Akyun Siyamet,False,False,0,2,https://tulospalvelu.palloliitto.fi/match/4053645/lineups
4053645,Trikiinit,FC Viikingit/S.C.P L,FC Viikingit/S.C.P L,18,Honkanen Tony,False,False,0,2,https://tulospalvelu.palloliitto.fi/match/4053645/lineups
4053645,Trikiinit,FC Viikingit/S.C.P L,FC Viikingit/S.C.P L,19,Freden Niko,False,False,0,2,https://tulospalvelu.palloliitto.fi/match/4053645/lineups
4053645,Trikiinit,FC Viikingit/S.C.P L,FC Viikingit/S.C.P L,20,Laaksonen Iiro,False,False,0,2,https://tulospalvelu.palloliitto.fi/match/4053645/lineups
4053645,Trikiinit,FC Viikingit/S.C.P L,FC Viikingit/S.C.P L,23,Kunnas Lari,False,False,0,2,https://tulospalvelu.palloliitto.fi/match/4053645/lineups
4053645,Trikiinit,FC Viikingit/S.C.P L,FC Viikingit/S.C.P L,24,Forsten Jonne,False,False,0,2,https://tulospalvelu.palloliitto.fi/match/4053645/lineups
4053645,Trikiinit,FC Viikingit/S.C.P L,FC Viikingit/S.C.P L,62,Sainomaa Aapo,False,False,0,2,https://tulospalvelu.palloliitto.fi/match/4053645/lineups
4053645,Trikiinit,FC Viikingit/S.C.P L,FC Viikingit/S.C.P L,78,Auvinen Leevi,False,False,0,2,https://tulospalvelu.palloliitto.fi/match/4053645/lineups
4053642,VAMOL/Myyrmäki,PK-35/Legendat,VAMOL/Myyrmäki,1,Sharmake Yusuf,True,True,2,1,https://tulospalvelu.palloliitto.fi/match/4053642/lineups
4053642,VAMOL/Myyrmäki,PK-35/Legendat,VAMOL/Myyrmäki,3,Moalin-Elmi Khalid,False,False,2,1,https://tulospalvelu.palloliitto.fi/match/4053642/lineups
4053642,VAMOL/Myyrmäki,PK-35/Legendat,VAMOL/Myyrmäki,4,Kalif Kalif Mohamed,False,False,2,1,https://tulospalvelu.palloliitto.fi/match/4053642/lineups
4053642,VAMOL/Myyrmäki,PK-35/Legendat,VAMOL/Myyrmäki,5,Aybakar Muscab,False,False,2,1,https://tulospalvelu.palloliitto.fi/match/4053642/lineups
4053642,VAMOL/Myyrmäki,PK-35/Legendat,VAMOL/Myyrmäki,7,Mohamed Jabir,False,False,2,1,https://tulospalvelu.palloliitto.fi/match/4053642/lineups
4053642,VAMOL/Myyrmäki,PK-35/Legendat,VAMOL/Myyrmäki,8,Abdi Mohamed Jr,False,False,2,1,https://tulospalvelu.palloliitto.fi/match/4053642/lineups
4053642,VAMOL/Myyrmäki,PK-35/Legendat,VAMOL/Myyrmäki,9,Ahmed Abdirahman,False,False,2,1,https://tulospalvelu.palloliitto.fi/match/4053642/lineups
4053642,VAMOL/Myyrmäki,PK-35/Legendat,VAMOL/Myyrmäki,10,Mohammed Abdirahman Ahmed,False,False,2,1,https://tulospalvelu.palloliitto.fi/match/4053642/lineups
4053642,VAMOL/Myyrmäki,PK-35/Legendat,VAMOL/Myyrmäki,11,Said Mahamed,False,False,2,1,https://tulospalvelu.palloliitto.fi/match/4053642/lineups
4053642,VAMOL/Myyrmäki,PK-35/Legendat,VAMOL/Myyrmäki,12,Hashi Abdirisaq,False,False,2,1,https://tulospalvelu.palloliitto.fi/match/4053642/lineups
4053642,VAMOL/Myyrmäki,PK-35/Legendat,VAMOL/Myyrmäki,13,Yuusuf Ali,False,False,2,1,https://tulospalvelu.palloliitto.fi/match/4053642/lineups
4053642,VAMOL/Myyrmäki,PK-35/Legendat,VAMOL/Myyrmäki,16,Yussuf Abdikhaliq,False,False,2,1,https://tulospalvelu.palloliitto.fi/match/4053642/lineups
4053642,VAMOL/Myyrmäki,PK-35/Legendat,VAMOL/Myyrmäki,17,Hussein Saadsq,False,False,2,1,https://tulospalvelu.palloliitto.fi/match/4053642/lineups
4053642,VAMOL/Myyrmäki,PK-35/Legendat,VAMOL/Myyrmäki,18,Ahmed Samatar,False,False,2,1,https://tulospalvelu.palloliitto.fi/match/4053642/lineups
4053642,VAMOL/Myyrmäki,PK-35/Legendat,PK-35/Legendat,1,Mankki Lauri,True,False,1,2,https://tulospalvelu.palloliitto.fi/match/4053642/lineups
4053642,VAMOL/Myyrmäki,PK-35/Legendat,PK-35/Legendat,2,Puistola Niko,False,False,1,2,https://tulospalvelu.palloliitto.fi/match/4053642/lineups
4053642,VAMOL/Myyrmäki,PK-35/Legendat,PK-35/Legendat,4,Stenros Max,False,False,1,2,https://tulospalvelu.palloliitto.fi/match/4053642/lineups
4053642,VAMOL/Myyrmäki,PK-35/Legendat,PK-35/Legendat,12,Perevalov Boris,False,False,1,2,https://tulospalvelu.palloliitto.fi/match/4053642/lineups
4053642,VAMOL/Myyrmäki,PK-35/Legendat,PK-35/Legendat,16,Aarnos Onni,False,False,1,2,https://tulospalvelu.palloliitto.fi/match/4053642/lineups
4053642,VAMOL/Myyrmäki,PK-35/Legendat,PK-35/Legendat,17,Vilkko Luukas,False,False,1,2,https://tulospalvelu.palloliitto.fi/match/4053642/lineups
4053642,VAMOL/Myyrmäki,PK-35/Legendat,PK-35/Legendat,20,Öhman Verneri,False,False,1,2,https://tulospalvelu.palloliitto.fi/match/4053642/lineups
4053642,VAMOL/Myyrmäki,PK-35/Legendat,PK-35/Legendat,24,Miguel Michael,False,False,1,2,https://tulospalvelu.palloliitto.fi/match/4053642/lineups
4053642,VAMOL/Myyrmäki,PK-35/Legendat,PK-35/Legendat,28,Shafaei Sajad,False,False,1,2,https://tulospalvelu.palloliitto.fi/match/4053642/lineups
4053642,VAMOL/Myyrmäki,PK-35/Legendat,PK-35/Legendat,34,Kaukas Mathias,False,True,1,2,https://tulospalvelu.palloliitto.fi/match/4053642/lineups
4053642,VAMOL/Myyrmäki,PK-35/Legendat,PK-35/Legendat,38,Abubakar Aadil Nur,False,False,1,2,https://tulospalvelu.palloliitto.fi/match/4053642/lineups
4053642,VAMOL/Myyrmäki,PK-35/Legendat,PK-35/Legendat,43,Berg Leevi,False,False,1,2,https://tulospalvelu.palloliitto.fi/match/4053642/lineups
4053642,VAMOL/Myyrmäki,PK-35/Legendat,PK-35/Legendat,88,Moor Marlon,False,False,1,2,https://tulospalvelu.palloliitto.fi/match/4053642/lineups
4053638,Millbrook FC,FC Viikingit/S.C.P L,Millbrook FC,1,Laitinen Joni,True,False,0,6,https://tulospalvelu.palloliitto.fi/match/4053638/lineups
4053638,Millbrook FC,FC Viikingit/S.C.P L,Millbrook FC,2,Al Hmedawi Ahmed,False,False,0,6,https://tulospalvelu.palloliitto.fi/match/4053638/lineups
4053638,Millbrook FC,FC Viikingit/S.C.P L,Millbrook FC,5,Forslund Tony,False,False,0,6,https://tulospalvelu.palloliitto.fi/match/4053638/lineups
4053638,Millbrook FC,FC Viikingit/S.C.P L,Millbrook FC,8,Kilpinen Antero,False,False,0,6,https://tulospalvelu.palloliitto.fi/match/4053638/lineups
4053638,Millbrook FC,FC Viikingit/S.C.P L,Millbrook FC,9,Kasim Ahmed,False,False,0,6,https://tulospalvelu.palloliitto.fi/match/4053638/lineups
4053638,Millbrook FC,FC Viikingit/S.C.P L,Millbrook FC,10,Aslan Mirac,False,False,0,6,https://tulospalvelu.palloliitto.fi/match/4053638/lineups
4053638,Millbrook FC,FC Viikingit/S.C.P L,Millbrook FC,11,Ojala Teemu,False,False,0,6,https://tulospalvelu.palloliitto.fi/match/4053638/lineups
4053638,Millbrook FC,FC Viikingit/S.C.P L,Millbrook FC,14,Oghbasilasie Daniel,False,False,0,6,https://tulospalvelu.palloliitto.fi/match/4053638/lineups
4053638,Millbrook FC,FC Viikingit/S.C.P L,Millbrook FC,15,Le Quoc Phong,False,False,0,6,https://tulospalvelu.palloliitto.fi/match/4053638/lineups
4053638,Millbrook FC,FC Viikingit/S.C.P L,Millbrook FC,16,Ojala Tuomas,False,False,0,6,https://tulospalvelu.palloliitto.fi/match/4053638/lineups
4053638,Millbrook FC,FC Viikingit/S.C.P L,Millbrook FC,17,Fox Samuel,False,False,0,6,https://tulospalvelu.palloliitto.fi/match/4053638/lineups
4053638,Millbrook FC,FC Viikingit/S.C.P L,Millbrook FC,20,Daoussi Rachid,False,False,0,6,https://tulospalvelu.palloliitto.fi/match/4053638/lineups
4053638,Millbrook FC,FC Viikingit/S.C.P L,Millbrook FC,42,Ali Kazim,False,False,0,6,https://tulospalvelu.palloliitto.fi/match/4053638/lineups
4053638,Millbrook FC,FC Viikingit/S.C.P L,Millbrook FC,99,Hotanen Valtteri,False,False,0,6,https://tulospalvelu.palloliitto.fi/match/4053638/lineups
4053638,Millbrook FC,FC Viikingit/S.C.P L,FC Viikingit/S.C.P L,1,Virtanen Riku,True,False,6,0,https://tulospalvelu.palloliitto.fi/match/4053638/lineups
4053638,Millbrook FC,FC Viikingit/S.C.P L,FC Viikingit/S.C.P L,2,Freden Toni,False,False,6,0,https://tulospalvelu.palloliitto.fi/match/4053638/lineups
4053638,Millbrook FC,FC Viikingit/S.C.P L,FC Viikingit/S.C.P L,4,Kunnas Jere,False,False,6,0,https://tulospalvelu.palloliitto.fi/match/4053638/lineups
4053638,Millbrook FC,FC Viikingit/S.C.P L,FC Viikingit/S.C.P L,5,Blomqvist Niclas,False,False,6,0,https://tulospalvelu.palloliitto.fi/match/4053638/lineups
4053638,Millbrook FC,FC Viikingit/S.C.P L,FC Viikingit/S.C.P L,7,Rauhala Jarkko,False,False,6,0,https://tulospalvelu.palloliitto.fi/match/4053638/lineups
4053638,Millbrook FC,FC Viikingit/S.C.P L,FC Viikingit/S.C.P L,8,Piekiäinen Vesa,False,False,6,0,https://tulospalvelu.palloliitto.fi/match/4053638/lineups
4053638,Millbrook FC,FC Viikingit/S.C.P L,FC Viikingit/S.C.P L,9,Akyun Siyamet,False,False,6,0,https://tulospalvelu.palloliitto.fi/match/4053638/lineups
4053638,Millbrook FC,FC Viikingit/S.C.P L,FC Viikingit/S.C.P L,10,Honkanen Tony,False,False,6,0,https://tulospalvelu.palloliitto.fi/match/4053638/lineups
4053638,Millbrook FC,FC Viikingit/S.C.P L,FC Viikingit/S.C.P L,11,Simula Kristoffer,False,False,6,0,https://tulospalvelu.palloliitto.fi/match/4053638/lineups
4053638,Millbrook FC,FC Viikingit/S.C.P L,FC Viikingit/S.C.P L,12,Kunnas Riku,False,False,6,0,https://tulospalvelu.palloliitto.fi/match/4053638/lineups
4053638,Millbrook FC,FC Viikingit/S.C.P L,FC Viikingit/S.C.P L,13,Ritola Mika,False,False,6,0,https://tulospalvelu.palloliitto.fi/match/4053638/lineups
4053638,Millbrook FC,FC Viikingit/S.C.P L,FC Viikingit/S.C.P L,15,Laaksonen Iiro,False,False,6,0,https://tulospalvelu.palloliitto.fi/match/4053638/lineups
4053638,Millbrook FC,FC Viikingit/S.C.P L,FC Viikingit/S.C.P L,19,Freden Niko,False,False,6,0,https://tulospalvelu.palloliitto.fi/match/4053638/lineups
4053638,Millbrook FC,FC Viikingit/S.C.P L,FC Viikingit/S.C.P L,24,Forsten Jonne,False,False,6,0,https://tulospalvelu.palloliitto.fi/match/4053638/lineups
4053638,Millbrook FC,FC Viikingit/S.C.P L,FC Viikingit/S.C.P L,62,Sainomaa Aapo,False,False,6,0,https://tulospalvelu.palloliitto.fi/match/4053638/lineups
4053638,Millbrook FC,FC Viikingit/S.C.P L,FC Viikingit/S.C.P L,78,Tiensuu Mika,False,False,6,0,https://tulospalvelu.palloliitto.fi/match/4053638/lineups
4053640,Trikiinit,Ariana FC,Trikiinit,18,Toivonen Jaakko,True,True,6,2,https://tulospalvelu.palloliitto.fi/match/4053640/lineups
4053640,Trikiinit,Ariana FC,Trikiinit,3,Nieminen Lauri,False,False,6,2,https://tulospalvelu.palloliitto.fi/match/4053640/lineups
4053640,Trikiinit,Ariana FC,Trikiinit,4,Seppi Riku,False,False,6,2,https://tulospalvelu.palloliitto.fi/match/4053640/lineups
4053640,Trikiinit,Ariana FC,Trikiinit,7,Owusu Kenneth,False,False,6,2,https://tulospalvelu.palloliitto.fi/match/4053640/lineups
4053640,Trikiinit,Ariana FC,Trikiinit,10,Asikainen Topi,False,False,6,2,https://tulospalvelu.palloliitto.fi/match/4053640/lineups
4053640,Trikiinit,Ariana FC,Trikiinit,11,Wahlman Jere,False,False,6,2,https://tulospalvelu.palloliitto.fi/match/4053640/lineups
4053640,Trikiinit,Ariana FC,Trikiinit,12,Kyyrä Tomi,False,False,6,2,https://tulospalvelu.palloliitto.fi/match/4053640/lineups
4053640,Trikiinit,Ariana FC,Trikiinit,13,Eklund Mikael,False,False,6,2,https://tulospalvelu.palloliitto.fi/match/4053640/lineups
4053640,Trikiinit,Ariana FC,Trikiinit,14,Theo Auer,False,False,6,2,https://tulospalvelu.palloliitto.fi/match/4053640/lineups
4053640,Trikiinit,Ariana FC,Trikiinit,15,Pulliainen Joel,False,False,6,2,https://tulospalvelu.palloliitto.fi/match/4053640/lineups
4053640,Trikiinit,Ariana FC,Trikiinit,20,Mether Mikael,False,False,6,2,https://tulospalvelu.palloliitto.fi/match/4053640/lineups
4053640,Trikiinit,Ariana FC,Trikiinit,21,Winberg Matias,False,False,6,2,https://tulospalvelu.palloliitto.fi/match/4053640/lineups
4053640,Trikiinit,Ariana FC,Trikiinit,23,Mohamed Mohamud,False,False,6,2,https://tulospalvelu.palloliitto.fi/match/4053640/lineups
4053640,Trikiinit,Ariana FC,Trikiinit,29,Winberg Joni,False,False,6,2,https://tulospalvelu.palloliitto.fi/match/4053640/lineups
4053640,Trikiinit,Ariana FC,Trikiinit,30,Laasonen Mikko,False,False,6,2,https://tulospalvelu.palloliitto.fi/match/4053640/lineups
4053640,Trikiinit,Ariana FC,Trikiinit,31,Parviainen Roope-Jussi,False,False,6,2,https://tulospalvelu.palloliitto.fi/match/4053640/lineups
4053640,Trikiinit,Ariana FC,Ariana FC,7,Ahmadi Omid,True,False,2,6,https://tulospalvelu.palloliitto.fi/match/4053640/lineups
4053640,Trikiinit,Ariana FC,Ariana FC,1,Sharifi Farshad,False,False,2,6,https://tulospalvelu.palloliitto.fi/match/4053640/lineups
4053640,Trikiinit,Ariana FC,Ariana FC,4,Pirveisi Mohammedreza,False,False,2,6,https://tulospalvelu.palloliitto.fi/match/4053640/lineups
4053640,Trikiinit,Ariana FC,Ariana FC,6,Mohammad Tajik,False,False,2,6,https://tulospalvelu.palloliitto.fi/match/4053640/lineups
4053640,Trikiinit,Ariana FC,Ariana FC,9,Ghorbani Alex,False,False,2,6,https://tulospalvelu.palloliitto.fi/match/4053640/lineups
4053640,Trikiinit,Ariana FC,Ariana FC,11,Hafaz Musa,False,False,2,6,https://tulospalvelu.palloliitto.fi/match/4053640/lineups
4053640,Trikiinit,Ariana FC,Ariana FC,12,Rassouli Ali,False,False,2,6,https://tulospalvelu.palloliitto.fi/match/4053640/lineups
4053640,Trikiinit,Ariana FC,Ariana FC,20,Sharifi Farhad,False,False,2,6,https://tulospalvelu.palloliitto.fi/match/4053640/lineups
4053640,Trikiinit,Ariana FC,Ariana FC,88,Saeidi Seyyed Morteza,False,False,2,6,https://tulospalvelu.palloliitto.fi/match/4053640/lineups
4053640,Trikiinit,Ariana FC,Ariana FC,99,Razm Rama,False,False,2,6,https://tulospalvelu.palloliitto.fi/match/4053640/lineups
4053639,MK United/Warriors,Ruila,MK United/Warriors,1,Nousiainen Tuukka,True,False,11,5,https://tulospalvelu.palloliitto.fi/match/4053639/lineups
4053639,MK United/Warriors,Ruila,MK United/Warriors,3,Kamitsha Julio Mayasio,False,False,11,5,https://tulospalvelu.palloliitto.fi/match/4053639/lineups
4053639,MK United/Warriors,Ruila,MK United/Warriors,4,Hallaj Mahdi,False,False,11,5,https://tulospalvelu.palloliitto.fi/match/4053639/lineups
4053639,MK United/Warriors,Ruila,MK United/Warriors,6,Mohamed Muqtar,False,False,11,5,https://tulospalvelu.palloliitto.fi/match/4053639/lineups
4053639,MK United/Warriors,Ruila,MK United/Warriors,7,Hyppönen Ilmari,False,False,11,5,https://tulospalvelu.palloliitto.fi/match/4053639/lineups
4053639,MK United/Warriors,Ruila,MK United/Warriors,10,Amon Filandson,False,False,11,5,https://tulospalvelu.palloliitto.fi/match/4053639/lineups
4053639,MK United/Warriors,Ruila,MK United/Warriors,13,Yusuf Yasiin,False,False,11,5,https://tulospalvelu.palloliitto.fi/match/4053639/lineups
4053639,MK United/Warriors,Ruila,MK United/Warriors,15,Karppinen Konsta,False,False,11,5,https://tulospalvelu.palloliitto.fi/match/4053639/lineups
4053639,MK United/Warriors,Ruila,MK United/Warriors,16,Kryeziu Perparim,False,False,11,5,https://tulospalvelu.palloliitto.fi/match/4053639/lineups
4053639,MK United/Warriors,Ruila,MK United/Warriors,17,Egal Umar-Osman,False,False,11,5,https://tulospalvelu.palloliitto.fi/match/4053639/lineups
4053639,MK United/Warriors,Ruila,MK United/Warriors,19,Simanis Silard,False,False,11,5,https://tulospalvelu.palloliitto.fi/match/4053639/lineups
4053639,MK United/Warriors,Ruila,MK United/Warriors,20,Wetu Benjamin,False,False,11,5,https://tulospalvelu.palloliitto.fi/match/4053639/lineups
4053639,MK United/Warriors,Ruila,MK United/Warriors,21,Egal Ahmed Osman,False,False,11,5,https://tulospalvelu.palloliitto.fi/match/4053639/lineups
4053639,MK United/Warriors,Ruila,Ruila,1,Kettunen Jukka,True,False,5,11,https://tulospalvelu.palloliitto.fi/match/4053639/lineups
4053639,MK United/Warriors,Ruila,Ruila,3,Virtanen Miska,False,False,5,11,https://tulospalvelu.palloliitto.fi/match/4053639/lineups
4053639,MK United/Warriors,Ruila,Ruila,4,Hailikari Niki,False,False,5,11,https://tulospalvelu.palloliitto.fi/match/4053639/lineups
4053639,MK United/Warriors,Ruila,Ruila,6,Sejdaj Arjanit,False,False,5,11,https://tulospalvelu.palloliitto.fi/match/4053639/lineups
4053639,MK United/Warriors,Ruila,Ruila,10,Juutinen Jukka-Pekka,False,False,5,11,https://tulospalvelu.palloliitto.fi/match/4053639/lineups
4053639,MK United/Warriors,Ruila,Ruila,13,Hakkarainen Pasi,False,True,5,11,https://tulospalvelu.palloliitto.fi/match/4053639/lineups
4053639,MK United/Warriors,Ruila,Ruila,16,Puolakka Tommi,False,False,5,11,https://tulospalvelu.palloliitto.fi/match/4053639/lineups
4053639,MK United/Warriors,Ruila,Ruila,18,Merta Aleksi,False,False,5,11,https://tulospalvelu.palloliitto.fi/match/4053639/lineups
4053639,MK United/Warriors,Ruila,Ruila,20,Tenn Sebastian,False,False,5,11,https://tulospalvelu.palloliitto.fi/match/4053639/lineups
4053639,MK United/Warriors,Ruila,Ruila,24,Viio Tomasz,False,False,5,11,https://tulospalvelu.palloliitto.fi/match/4053639/lineups
4053639,MK United/Warriors,Ruila,Ruila,25,Väisänen Ari Tapio,False,False,5,11,https://tulospalvelu.palloliitto.fi/match/4053639/lineups
4053639,MK United/Warriors,Ruila,Ruila,26,Klockars Otto,False,False,5,11,https://tulospalvelu.palloliitto.fi/match/4053639/lineups
4053639,MK United/Warriors,Ruila,Ruila,28,Paavilainen Jim,False,False,5,11,https://tulospalvelu.palloliitto.fi/match/4053639/lineups
4053639,MK United/Warriors,Ruila,Ruila,29,Vahtola Oliver,False,False,5,11,https://tulospalvelu.palloliitto.fi/match/4053639/lineups
4053639,MK United/Warriors,Ruila,Ruila,35,Virtanen Eemil,False,False,5,11,https://tulospalvelu.palloliitto.fi/match/4053639/lineups
4053639,MK United/Warriors,Ruila,Ruila,37,Kartano Sami,False,False,5,11,https://tulospalvelu.palloliitto.fi/match/4053639/lineups
4053639,MK United/Warriors,Ruila,Ruila,88,Tallqvist Noel,False,False,5,11,https://tulospalvelu.palloliitto.fi/match/4053639/lineups
4053639,MK United/Warriors,Ruila,Ruila,92,Tenn Samu,False,False,5,11,https://tulospalvelu.palloliitto.fi/match/4053639/lineups
4053633,Ruila,Scorpions,Ruila,1,Kettunen Jukka,True,True,2,5,https://tulospalvelu.palloliitto.fi/match/4053633/lineups
4053633,Ruila,Scorpions,Ruila,2,Pitkänen Ville,False,False,2,5,https://tulospalvelu.palloliitto.fi/match/4053633/lineups
4053633,Ruila,Scorpions,Ruila,3,Virtanen Miska,False,False,2,5,https://tulospalvelu.palloliitto.fi/match/4053633/lineups
4053633,Ruila,Scorpions,Ruila,4,Hailikari Niki,False,False,2,5,https://tulospalvelu.palloliitto.fi/match/4053633/lineups
4053633,Ruila,Scorpions,Ruila,5,Paldanius Niklas,False,False,2,5,https://tulospalvelu.palloliitto.fi/match/4053633/lineups
4053633,Ruila,Scorpions,Ruila,6,Sejdaj Arjanit,False,False,2,5,https://tulospalvelu.palloliitto.fi/match/4053633/lineups
4053633,Ruila,Scorpions,Ruila,10,Juutinen Jukka-Pekka,False,False,2,5,https://tulospalvelu.palloliitto.fi/match/4053633/lineups
4053633,Ruila,Scorpions,Ruila,16,Puolakka Tommi,False,False,2,5,https://tulospalvelu.palloliitto.fi/match/4053633/lineups
4053633,Ruila,Scorpions,Ruila,18,Merta Aleksi,False,False,2,5,https://tulospalvelu.palloliitto.fi/match/4053633/lineups
4053633,Ruila,Scorpions,Ruila,25,Väisänen Ari Tapio,False,False,2,5,https://tulospalvelu.palloliitto.fi/match/4053633/lineups
4053633,Ruila,Scorpions,Ruila,26,Klockars Otto,False,False,2,5,https://tulospalvelu.palloliitto.fi/match/4053633/lineups
4053633,Ruila,Scorpions,Ruila,28,Paavilainen Jim,False,False,2,5,https://tulospalvelu.palloliitto.fi/match/4053633/lineups
4053633,Ruila,Scorpions,Ruila,29,Vahtola Oliver,False,False,2,5,https://tulospalvelu.palloliitto.fi/match/4053633/lineups
4053633,Ruila,Scorpions,Ruila,37,Kartano Sami,False,False,2,5,https://tulospalvelu.palloliitto.fi/match/4053633/lineups
4053633,Ruila,Scorpions,Ruila,92,Tenn Samu,False,False,2,5,https://tulospalvelu.palloliitto.fi/match/4053633/lineups
4053633,Ruila,Scorpions,Scorpions,1,Manneh Ousman,True,False,5,2,https://tulospalvelu.palloliitto.fi/match/4053633/lineups
4053633,Ruila,Scorpions,Scorpions,,Baio Lamin K.,False,False,5,2,https://tulospalvelu.palloliitto.fi/match/4053633/lineups
4053633,Ruila,Scorpions,Scorpions,,Joof Lamin,False,False,5,2,https://tulospalvelu.palloliitto.fi/match/4053633/lineups
4053633,Ruila,Scorpions,Scorpions,3,Haryna Gayte,False,False,5,2,https://tulospalvelu.palloliitto.fi/match/4053633/lineups
4053633,Ruila,Scorpions,Scorpions,5,Jabbie Mbemba,False,False,5,2,https://tulospalvelu.palloliitto.fi/match/4053633/lineups
4053633,Ruila,Scorpions,Scorpions,6,Ebrinna Sillah,False,False,5,2,https://tulospalvelu.palloliitto.fi/match/4053633/lineups
4053633,Ruila,Scorpions,Scorpions,8,Suso Mba,False,False,5,2,https://tulospalvelu.palloliitto.fi/match/4053633/lineups
4053633,Ruila,Scorpions,Scorpions,10,Gibba Buba,False,True,5,2,https://tulospalvelu.palloliitto.fi/match/4053633/lineups
4053633,Ruila,Scorpions,Scorpions,12,Corr Muhammed,False,False,5,2,https://tulospalvelu.palloliitto.fi/match/4053633/lineups
4053633,Ruila,Scorpions,Scorpions,13,Touray Modou (Omar),False,False,5,2,https://tulospalvelu.palloliitto.fi/match/4053633/lineups
4053633,Ruila,Scorpions,Scorpions,14,Mohammed Sillah Dokura,False,False,5,2,https://tulospalvelu.palloliitto.fi/match/4053633/lineups
4053633,Ruila,Scorpions,Scorpions,16,Bah Yerro,False,False,5,2,https://tulospalvelu.palloliitto.fi/match/4053633/lineups
4053633,Ruila,Scorpions,Scorpions,17,Haliboy Camara,False,False,5,2,https://tulospalvelu.palloliitto.fi/match/4053633/lineups
4053633,Ruila,Scorpions,Scorpions,18,Famaha Sillah,False,False,5,2,https://tulospalvelu.palloliitto.fi/match/4053633/lineups
4053633,Ruila,Scorpions,Scorpions,19,Bajo Sheriff,False,False,5,2,https://tulospalvelu.palloliitto.fi/match/4053633/lineups
4053635,PK-35/Legendat,MK United/Warriors,PK-35/Legendat,1,Mankki Lauri,True,False,2,6,https://tulospalvelu.palloliitto.fi/match/4053635/lineups
4053635,PK-35/Legendat,MK United/Warriors,PK-35/Legendat,2,Puistola Niko,False,False,2,6,https://tulospalvelu.palloliitto.fi/match/4053635/lineups
4053635,PK-35/Legendat,MK United/Warriors,PK-35/Legendat,4,Stenros Max,False,False,2,6,https://tulospalvelu.palloliitto.fi/match/4053635/lineups
4053635,PK-35/Legendat,MK United/Warriors,PK-35/Legendat,12,Perevalov Boris,False,False,2,6,https://tulospalvelu.palloliitto.fi/match/4053635/lineups
4053635,PK-35/Legendat,MK United/Warriors,PK-35/Legendat,23,Hynninen Mika,False,False,2,6,https://tulospalvelu.palloliitto.fi/match/4053635/lineups
4053635,PK-35/Legendat,MK United/Warriors,PK-35/Legendat,24,Miguel Michael,False,False,2,6,https://tulospalvelu.palloliitto.fi/match/4053635/lineups
4053635,PK-35/Legendat,MK United/Warriors,PK-35/Legendat,26,Villanen Lasse,False,False,2,6,https://tulospalvelu.palloliitto.fi/match/4053635/lineups
4053635,PK-35/Legendat,MK United/Warriors,PK-35/Legendat,34,Kaukas Mathias,False,True,2,6,https://tulospalvelu.palloliitto.fi/match/4053635/lineups
4053635,PK-35/Legendat,MK United/Warriors,PK-35/Legendat,38,Abubakar Aadil Nur,False,False,2,6,https://tulospalvelu.palloliitto.fi/match/4053635/lineups
4053635,PK-35/Legendat,MK United/Warriors,PK-35/Legendat,43,Berg Leevi,False,False,2,6,https://tulospalvelu.palloliitto.fi/match/4053635/lineups
4053635,PK-35/Legendat,MK United/Warriors,PK-35/Legendat,64,Stark Noel,False,False,2,6,https://tulospalvelu.palloliitto.fi/match/4053635/lineups
4053635,PK-35/Legendat,MK United/Warriors,PK-35/Legendat,81,Ehsan Ahmad Sodais,False,False,2,6,https://tulospalvelu.palloliitto.fi/match/4053635/lineups
4053635,PK-35/Legendat,MK United/Warriors,PK-35/Legendat,88,Moor Marlon,False,False,2,6,https://tulospalvelu.palloliitto.fi/match/4053635/lineups
4053635,PK-35/Legendat,MK United/Warriors,MK United/Warriors,1,Nousiainen Tuukka,True,False,6,2,https://tulospalvelu.palloliitto.fi/match/4053635/lineups
4053635,PK-35/Legendat,MK United/Warriors,MK United/Warriors,2,Elmi Mohamed,False,False,6,2,https://tulospalvelu.palloliitto.fi/match/4053635/lineups
4053635,PK-35/Legendat,MK United/Warriors,MK United/Warriors,3,Kamitsha Julio Mayasio,False,False,6,2,https://tulospalvelu.palloliitto.fi/match/4053635/lineups
4053635,PK-35/Legendat,MK United/Warriors,MK United/Warriors,7,Mohamed Muqtar,False,False,6,2,https://tulospalvelu.palloliitto.fi/match/4053635/lineups
4053635,PK-35/Legendat,MK United/Warriors,MK United/Warriors,8,Hyppönen Ilmari,False,False,6,2,https://tulospalvelu.palloliitto.fi/match/4053635/lineups
4053635,PK-35/Legendat,MK United/Warriors,MK United/Warriors,9,Nguyen Anh Khanh,False,False,6,2,https://tulospalvelu.palloliitto.fi/match/4053635/lineups
4053635,PK-35/Legendat,MK United/Warriors,MK United/Warriors,10,Amon Filandson,False,False,6,2,https://tulospalvelu.palloliitto.fi/match/4053635/lineups
4053635,PK-35/Legendat,MK United/Warriors,MK United/Warriors,12,Karppinen Konsta,False,False,6,2,https://tulospalvelu.palloliitto.fi/match/4053635/lineups
4053635,PK-35/Legendat,MK United/Warriors,MK United/Warriors,13,Yusuf Yasiin,False,False,6,2,https://tulospalvelu.palloliitto.fi/match/4053635/lineups
4053635,PK-35/Legendat,MK United/Warriors,MK United/Warriors,15,Egal Umar-Osman,False,False,6,2,https://tulospalvelu.palloliitto.fi/match/4053635/lineups
4053635,PK-35/Legendat,MK United/Warriors,MK United/Warriors,17,Wetu Benjamin,False,False,6,2,https://tulospalvelu.palloliitto.fi/match/4053635/lineups
4053635,PK-35/Legendat,MK United/Warriors,MK United/Warriors,18,Hallaj Mahdi,False,False,6,2,https://tulospalvelu.palloliitto.fi/match/4053635/lineups
4053635,PK-35/Legendat,MK United/Warriors,MK United/Warriors,21,Egal Ahmed Osman,False,False,6,2,https://tulospalvelu.palloliitto.fi/match/4053635/lineups
4053636,FC Viikingit/S.C.P L,VAMOL/Myyrmäki,FC Viikingit/S.C.P L,1,Virtanen Riku,True,False,0,2,https://tulospalvelu.palloliitto.fi/match/4053636/lineups
4053636,FC Viikingit/S.C.P L,VAMOL/Myyrmäki,FC Viikingit/S.C.P L,2,Freden Toni,False,False,0,2,https://tulospalvelu.palloliitto.fi/match/4053636/lineups
4053636,FC Viikingit/S.C.P L,VAMOL/Myyrmäki,FC Viikingit/S.C.P L,4,Kunnas Jere,False,False,0,2,https://tulospalvelu.palloliitto.fi/match/4053636/lineups
4053636,FC Viikingit/S.C.P L,VAMOL/Myyrmäki,FC Viikingit/S.C.P L,5,Blomqvist Niclas,False,False,0,2,https://tulospalvelu.palloliitto.fi/match/4053636/lineups
4053636,FC Viikingit/S.C.P L,VAMOL/Myyrmäki,FC Viikingit/S.C.P L,7,Rauhala Jarkko,False,False,0,2,https://tulospalvelu.palloliitto.fi/match/4053636/lineups
4053636,FC Viikingit/S.C.P L,VAMOL/Myyrmäki,FC Viikingit/S.C.P L,8,Piekiäinen Vesa,False,False,0,2,https://tulospalvelu.palloliitto.fi/match/4053636/lineups
4053636,FC Viikingit/S.C.P L,VAMOL/Myyrmäki,FC Viikingit/S.C.P L,10,Honkanen Tony,False,False,0,2,https://tulospalvelu.palloliitto.fi/match/4053636/lineups
4053636,FC Viikingit/S.C.P L,VAMOL/Myyrmäki,FC Viikingit/S.C.P L,11,Simula Kristoffer,False,False,0,2,https://tulospalvelu.palloliitto.fi/match/4053636/lineups
4053636,FC Viikingit/S.C.P L,VAMOL/Myyrmäki,FC Viikingit/S.C.P L,12,Bosompen Manu Tadios,False,False,0,2,https://tulospalvelu.palloliitto.fi/match/4053636/lineups
4053636,FC Viikingit/S.C.P L,VAMOL/Myyrmäki,FC Viikingit/S.C.P L,14,Akyun Siyamet,False,False,0,2,https://tulospalvelu.palloliitto.fi/match/4053636/lineups
4053636,FC Viikingit/S.C.P L,VAMOL/Myyrmäki,FC Viikingit/S.C.P L,15,Laaksonen Iiro,False,False,0,2,https://tulospalvelu.palloliitto.fi/match/4053636/lineups
4053636,FC Viikingit/S.C.P L,VAMOL/Myyrmäki,FC Viikingit/S.C.P L,19,Freden Niko,False,False,0,2,https://tulospalvelu.palloliitto.fi/match/4053636/lineups
4053636,FC Viikingit/S.C.P L,VAMOL/Myyrmäki,FC Viikingit/S.C.P L,23,Kunnas Riku,False,False,0,2,https://tulospalvelu.palloliitto.fi/match/4053636/lineups
4053636,FC Viikingit/S.C.P L,VAMOL/Myyrmäki,FC Viikingit/S.C.P L,24,Ritola Mika,False,False,0,2,https://tulospalvelu.palloliitto.fi/match/4053636/lineups
4053636,FC Viikingit/S.C.P L,VAMOL/Myyrmäki,FC Viikingit/S.C.P L,62,Sainomaa Aapo,False,False,0,2,https://tulospalvelu.palloliitto.fi/match/4053636/lineups
4053636,FC Viikingit/S.C.P L,VAMOL/Myyrmäki,FC Viikingit/S.C.P L,66,Tiensuu Mika,False,False,0,2,https://tulospalvelu.palloliitto.fi/match/4053636/lineups
4053636,FC Viikingit/S.C.P L,VAMOL/Myyrmäki,VAMOL/Myyrmäki,1,Sharmake Yusuf,False,False,2,0,https://tulospalvelu.palloliitto.fi/match/4053636/lineups
4053636,FC Viikingit/S.C.P L,VAMOL/Myyrmäki,VAMOL/Myyrmäki,2,Aybakar Muscab,False,False,2,0,https://tulospalvelu.palloliitto.fi/match/4053636/lineups
4053636,FC Viikingit/S.C.P L,VAMOL/Myyrmäki,VAMOL/Myyrmäki,3,Moalin-Elmi Khalid,False,False,2,0,https://tulospalvelu.palloliitto.fi/match/4053636/lineups
4053636,FC Viikingit/S.C.P L,VAMOL/Myyrmäki,VAMOL/Myyrmäki,4,Kalif Kalif Mohamed,False,False,2,0,https://tulospalvelu.palloliitto.fi/match/4053636/lineups
4053636,FC Viikingit/S.C.P L,VAMOL/Myyrmäki,VAMOL/Myyrmäki,5,Hassan Muad,False,False,2,0,https://tulospalvelu.palloliitto.fi/match/4053636/lineups
4053636,FC Viikingit/S.C.P L,VAMOL/Myyrmäki,VAMOL/Myyrmäki,6,Hussein Saadsq,False,False,2,0,https://tulospalvelu.palloliitto.fi/match/4053636/lineups
4053636,FC Viikingit/S.C.P L,VAMOL/Myyrmäki,VAMOL/Myyrmäki,7,Mohamed Jabir,False,False,2,0,https://tulospalvelu.palloliitto.fi/match/4053636/lineups
4053636,FC Viikingit/S.C.P L,VAMOL/Myyrmäki,VAMOL/Myyrmäki,8,Abdi Mohamed Jr,False,False,2,0,https://tulospalvelu.palloliitto.fi/match/4053636/lineups
4053636,FC Viikingit/S.C.P L,VAMOL/Myyrmäki,VAMOL/Myyrmäki,10,Mohammed Abdirahman Ahmed,False,False,2,0,https://tulospalvelu.palloliitto.fi/match/4053636/lineups
4053636,FC Viikingit/S.C.P L,VAMOL/Myyrmäki,VAMOL/Myyrmäki,11,Said Mahamed,False,False,2,0,https://tulospalvelu.palloliitto.fi/match/4053636/lineups
4053636,FC Viikingit/S.C.P L,VAMOL/Myyrmäki,VAMOL/Myyrmäki,12,Ahmed Abdirahman,False,False,2,0,https://tulospalvelu.palloliitto.fi/match/4053636/lineups
4053636,FC Viikingit/S.C.P L,VAMOL/Myyrmäki,VAMOL/Myyrmäki,13,Ahmed Samatar,False,False,2,0,https://tulospalvelu.palloliitto.fi/match/4053636/lineups
4053636,FC Viikingit/S.C.P L,VAMOL/Myyrmäki,VAMOL/Myyrmäki,14,Hashi Abdirisaq,False,False,2,0,https://tulospalvelu.palloliitto.fi/match/4053636/lineups
4053636,FC Viikingit/S.C.P L,VAMOL/Myyrmäki,VAMOL/Myyrmäki,15,Yussuf Abdikhaliq,False,False,2,0,https://tulospalvelu.palloliitto.fi/match/4053636/lineups
4053636,FC Viikingit/S.C.P L,VAMOL/Myyrmäki,VAMOL/Myyrmäki,16,Yuusuf Ali,False,False,2,0,https://tulospalvelu.palloliitto.fi/match/4053636/lineups
